"Sample.ID","Site.treatment","Site","Treatment","Sample","root_depth","X13CVPDB","Total.C","CComment","X15NAir","Total.N","NComment","Tray.Name","Well.Id","Type.of.Material","Analysis","Sample.Weight..mg..from.Sample.List","Internal.ID","Analysis.Number","Mass.Spec"
"N1CO210root15","N1CO2","N1","CO2",10,"15",-30.98,732.46,"",1.59,43.51,"","7RGOLDSMITH","B6","Root","13C, 15N",2.133,2162179,22222,"M"
"N1CO210root30","N1CO2","N1","CO2",10,"30",-29.7,628.44,"",2.6,44.36,"","5RGOLDSMITH","D11","Root","13C, 15N",2.628,2162016,21948,"M"
"N1CO210root60","N1CO2","N1","CO2",10,"60",-29.09,412.98,"",1.92,25.12,"","7RGOLDSMITH","A6","Root","13C, 15N",2.011,2162167,22207,"M"
"N1CO21root15","N1CO2","N1","CO2",1,"15",-29.88,803.33,"",0.88,40.51,"","6RGOLDSMITH","B6","Root","13C, 15N",2.95,2162083,22067,"M"
"N1CO21root30","N1CO2","N1","CO2",1,"30",-28.91,354.36,"",2.12,26.45,"","6RGOLDSMITH","E7","Root","13C, 15N",2.695,2162120,22117,"M"
"N1CO21root60","N1CO2","N1","CO2",1,"60",-28.13,271.79,"",2.49,19.93,"Precision decreases for samples containing less than 20ugN","5RGOLDSMITH","F2","Root","13C, 15N",2.746,2162031,21970,"M"
"N1CO22root15","N1CO2","N1","CO2",2,"15",-29.38,492.98,"",1.77,37.76,"","5RGOLDSMITH","G9","Root","13C, 15N",2.733,2162050,21995,"M"
"N1CO22root30","N1CO2","N1","CO2",2,"30",-29.93,502.64,"",2.4,39.61,"","6RGOLDSMITH","B7","Root","13C, 15N",2.543,2162084,22068,"M"
"N1CO22root60","N1CO2","N1","CO2",2,"60",-29.09,244.02,"",3.32,16.09,"Precision decreases for samples containing less than 20ugN","6RGOLDSMITH","F9","Root","13C, 15N",2.142,2162134,22135,"M"
"N1CO23root15","N1CO2","N1","CO2",3,"15",-30.09,487.44,"",2.33,38.52,"","7RGOLDSMITH","F4","Root","13C, 15N",2.531,2162225,22313,"M"
"N1CO23root30","N1CO2","N1","CO2",3,"30",-32.12,850.34,"",-0.03,33.52,"","6RGOLDSMITH","E3","Root","13C, 15N",2.227,2162116,22113,"M"
"N1CO23root60","N1CO2","N1","CO2",3,"60",-28.56,212.74,"",5.07,13.54,"Precision decreases for samples containing less than 20ugN","8LRGOLDSMITH","B8","Root","13C, 15N",2.675,2162277,22382,"M"
"N1CO24root15","N1CO2","N1","CO2",4,"15",-30.29,539.42,"",1.72,37.93,"","7RGOLDSMITH","A3","Root","13C, 15N",2.186,2162164,22204,"M"
"N1CO24root30","N1CO2","N1","CO2",4,"30",-29.8,603.52,"",1.26,45.39,"","5RGOLDSMITH","H10","Root","13C, 15N",2.872,2162063,22012,"M"
"N1CO24root60","N1CO2","N1","CO2",4,"60",-28.81,301.79,"",3.48,25.21,"","6RGOLDSMITH","G9","Root","13C, 15N",2.839,2162146,22176,"M"
"N1CO25root15","N1CO2","N1","CO2",5,"15",-30.13,428.67,"",2.61,34.6,"","7RGOLDSMITH","C7","Root","13C, 15N",2.505,2162192,22241,"M"
"N1CO25root30","N1CO2","N1","CO2",5,"30",-31.26,701.87,"",1.65,31.93,"","8LRGOLDSMITH","C2","Root","13C, 15N",2.472,2162283,25895,"M"
"N1CO26root15","N1CO2","N1","CO2",6,"15",-30.51,672.74,"",1.89,41.83,"","4RGOLDSMITH","F7","Root","13C, 15N",2.544,2161940,22632,"M"
"N1CO26root30","N1CO2","N1","CO2",6,"30",-29.69,684.68,"",2.89,44.91,"","7RGOLDSMITH","F7","Root","13C, 15N",2.795,2162228,22316,"M"
"N1CO27root15","N1CO2","N1","CO2",7,"15",-30.59,851.61,"",-0.17,35.61,"","5RGOLDSMITH","H6","Root","13C, 15N",2.665,2162059,22008,"M"
"N1CO27root30","N1CO2","N1","CO2",7,"30",-29.16,287.84,"",2.75,25.29,"","6RGOLDSMITH","G7","Root","13C, 15N",2.472,2162144,22174,"M"
"N1CO27root60","N1CO2","N1","CO2",7,"60",-29.99,533.01,"",2.85,22.37,"","5RGOLDSMITH","G10","Root","13C, 15N",2.404,2162051,21996,"M"
"N1CO28root15","N1CO2","N1","CO2",8,"15",-30.51,1008.79,"",0.44,50.19,"","6RGOLDSMITH","H2","Root","13C, 15N",2.748,2162151,22187,"M"
"N1CO28root30","N1CO2","N1","CO2",8,"30",-29.31,493.66,"",2.38,32.76,"","7RGOLDSMITH","H5","Root","13C, 15N",2.041,2162250,22345,"M"
"N1CO28root60","N1CO2","N1","CO2",8,"60",-29.04,304.33,"",3.99,21.37,"","8LRGOLDSMITH","B6","Root","13C, 15N",2.351,2162275,22380,"M"
"N1CO29root15","N1CO2","N1","CO2",9,"15",-29.16,516.65,"",2.59,42.09,"","6RGOLDSMITH","A9","Root","13C, 15N",2.771,2162074,22052,"M"
"N1CO29root30","N1CO2","N1","CO2",9,"30",-28.93,317.21,"",3.61,25.89,"","7RGOLDSMITH","H4","Root","13C, 15N",2.421,2162249,22344,"M"
"N1CO29root60","N1CO2","N1","CO2",9,"60",-28.51,243.91,"",3.37,19.48,"Precision decreases for samples containing less than 20ugN","5RGOLDSMITH","F5","Root","13C, 15N",2.703,2162034,21973,"M"
"N1CON10root15","N1CON","N1","CON",10,"15",-29.9,486.42,"",2.51,38.02,"","4RGOLDSMITH","C11","Root","13C, 15N",2.605,2161908,22587,"M"
"N1CON10root30","N1CON","N1","CON",10,"30",-31.21,403.86,"",0.63,28.75,"","6RGOLDSMITH","E6","Root","13C, 15N",2.124,2162119,22116,"M"
"N1CON10root60","N1CON","N1","CON",10,"60",-29.89,407.53,"",2.65,22.45,"","7RGOLDSMITH","C11","Root","13C, 15N",2.392,2162196,22245,"M"
"N1CON1root15","N1CON","N1","CON",1,"15",-30.37,613.65,"",2.41,42.15,"","6RGOLDSMITH","C4","Root","13C, 15N",2.417,2162093,22081,"M"
"N1CON1root30","N1CON","N1","CON",1,"30",-28.47,426.62,"",3.92,40.23,"","7RGOLDSMITH","F12","Root","13C, 15N",2.866,2162233,22321,"M"
"N1CON1root60","N1CON","N1","CON",1,"60",-29.36,596.08,"",1.77,34.61,"","6RGOLDSMITH","E8","Root","13C, 15N",2.726,2162121,22118,"M"
"N1CON2root15","N1CON","N1","CON",2,"15",-29.36,618.31,"",1.48,42.77,"","6RGOLDSMITH","D3","Root","13C, 15N",2.453,2162104,22095,"M"
"N1CON2root60","N1CON","N1","CON",2,"60",-27.56,484.07,"",1.93,27.79,"","7RGOLDSMITH","G12","Root","13C, 15N",2.653,2162245,22337,"M"
"N1CON4root15","N1CON","N1","CON",4,"15",-29.64,516.65,"",2.58,44.51,"","6RGOLDSMITH","A7","Root","13C, 15N",2.611,2162072,22050,"M"
"N1CON4root30","N1CON","N1","CON",4,"30",-28.39,263.94,"",3.52,25.09,"","5RGOLDSMITH","G12","Root","13C, 15N",2.273,2162053,21998,"M"
"N1CON4root60","N1CON","N1","CON",4,"60",-30.23,725.82,"",0.91,31.95,"","7RGOLDSMITH","A9","Root","13C, 15N",2.646,2162170,22210,"M"
"N1CON5root15","N1CON","N1","CON",5,"15",-29.77,648.66,"",1.39,41.42,"","6RGOLDSMITH","E4","Root","13C, 15N",2.319,2162117,22114,"M"
"N1CON5root30","N1CON","N1","CON",5,"30",-30.05,682.28,"",1.38,37.29,"","7RGOLDSMITH","E6","Root","13C, 15N",2.407,2162215,22297,"M"
"N1CON5root60","N1CON","N1","CON",5,"60",-29.99,322.35,"",0.99,23.59,"","6RGOLDSMITH","F2","Root","13C, 15N",2.401,2162127,22128,"M"
"N1CON6root15","N1CON","N1","CON",6,"15",-29.5,475.73,"",2.06,39.26,"","5RGOLDSMITH","F7","Root","13C, 15N",2.754,2162036,21975,"M"
"N1CON6root30","N1CON","N1","CON",6,"30",-27.61,186.63,"",5.26,20.5,"","7RGOLDSMITH","G6","Root","13C, 15N",2.168,2162239,22331,"M"
"N1CON6root60","N1CON","N1","CON",6,"60",-30.6,620.96,"",-0.08,36.78,"","5RGOLDSMITH","F9","Root","13C, 15N",2.729,2162038,21977,"M"
"N1CON7root15","N1CON","N1","CON",7,"15",-29.36,472.44,"",2.24,42.42,"","5RGOLDSMITH","E11","Root","13C, 15N",2.627,2162028,21964,"M"
"N1CON7root30","N1CON","N1","CON",7,"30",-28.89,538.57,"",0.72,35.55,"","5RGOLDSMITH","E10","Root","13C, 15N",2.727,2162027,21963,"M"
"N1CON7root60","N1CON","N1","CON",7,"60",-31.3,985.13,"",-0.83,19.92,"Precision decreases for samples containing less than 20ugN","5RGOLDSMITH","E8","Root","13C, 15N",2.21,2162025,21961,"M"
"N1CON8root15","N1CON","N1","CON",8,"15",-29.93,568.86,"",2.02,42.98,"","6RGOLDSMITH","F8","Root","13C, 15N",2.568,2162133,22134,"M"
"N1CON8root30","N1CON","N1","CON",8,"30",-29.02,405.67,"",3.22,36.73,"","7RGOLDSMITH","D11","Root","13C, 15N",2.696,2162208,22261,"M"
"N1CON8root60","N1CON","N1","CON",8,"60",-29.65,334.45,"",2.67,20.85,"","7RGOLDSMITH","G8","Root","13C, 15N",2.298,2162241,22333,"M"
"N1CON9root15","N1CON","N1","CON",9,"15",-28.72,390.04,"",3.6,38.92,"","6RGOLDSMITH","A6","Root","13C, 15N",2.33,2162071,22049,"M"
"N1CON9root60","N1CON","N1","CON",9,"60",-31.52,642.05,"",1.06,29.98,"","6RGOLDSMITH","D7","Root","13C, 15N",2.311,2162108,22099,"M"
"N2CO210root15","N2CO2","N2","CO2",10,"15",-29.02,328.77,"",3.4,23.73,"","8LRGOLDSMITH","A11","Root","13C, 15N",2.092,2162268,22369,"M"
"N2CO21root15","N2CO2","N2","CO2",1,"15",-30.3,479.8,"",1.85,33.82,"","7RGOLDSMITH","A12","Root","13C, 15N",2.4,2162173,22213,"M"
"N2CO21root60","N2CO2","N2","CO2",1,"60",-26.4,225.71,"",6.24,21.1,"","7RGOLDSMITH","B7","Root","13C, 15N",2.865,2162180,22223,"M"
"N2CO22root15","N2CO2","N2","CO2",2,"15",-29.79,736.43,"",1.2,38.32,"","8LRGOLDSMITH","C7","Root","13C, 15N",2.71,2162288,25900,"M"
"N2CO22root30","N2CO2","N2","CO2",2,"30",-30.47,464.3,"",1.52,31.02,"","6RGOLDSMITH","F4","Root","13C, 15N",2.44,2162129,22130,"M"
"N2CO22root60","N2CO2","N2","CO2",2,"60",-30.63,485.16,"",3.68,25.73,"","7RGOLDSMITH","H8","Root","13C, 15N",2.729,2162253,22348,"M"
"N2CO23root15","N2CO2","N2","CO2",3,"15",-29.61,789.8,"",1.42,45.05,"","5RGOLDSMITH","E12","Root","13C, 15N",2.871,2162029,21965,"M"
"N2CO23root30","N2CO2","N2","CO2",3,"30",-29.84,630.48,"",1.49,28.7,"","5RGOLDSMITH","D5","Root","13C, 15N",2.199,2162010,21942,"M"
"N2CO23root60","N2CO2","N2","CO2",3,"60",-27.04,239.82,"",6.23,18.55,"Precision decreases for samples containing less than 20ugN","7RGOLDSMITH","F2","Root","13C, 15N",2.632,2162223,22311,"M"
"N2CO24root15","N2CO2","N2","CO2",4,"15",-29.58,83.87,"Precision decreases for samples containing less than 100ugC",2.14,6.96,"Contained less nitrogen than smallest reference","8LRGOLDSMITH","B4","Root","13C, 15N",2.437,2162273,22378,"M"
"N2CO24root60","N2CO2","N2","CO2",4,"60",-29.24,608.64,"",0.58,28.64,"","7RGOLDSMITH","B10","Root","13C, 15N",2.348,2162183,22226,"M"
"N2CO25root15","N2CO2","N2","CO2",5,"15",-28.44,474.03,"",2.67,31.55,"","5RGOLDSMITH","D1","Root","13C, 15N",2.587,2162006,21938,"M"
"N2CO25root30","N2CO2","N2","CO2",5,"30",-27.21,446.13,"",3.25,25.84,"","8LRGOLDSMITH","B3","Root","13C, 15N",2.261,2162272,22377,"M"
"N2CO25root60","N2CO2","N2","CO2",5,"60",-27.64,284.87,"",3.43,20.34,"","5RGOLDSMITH","D10","Root","13C, 15N",2.481,2162015,21947,"M"
"N2CO26root15","N2CO2","N2","CO2",6,"15",-29.55,708.01,"",0.18,46.02,"","6RGOLDSMITH","B12","Root","13C, 15N",2.544,2162089,22073,"M"
"N2CO26root30","N2CO2","N2","CO2",6,"30",-29.85,604.93,"",1.89,34.69,"","6RGOLDSMITH","H10","Root","13C, 15N",2.498,2162159,22195,"M"
"N2CO26root60","N2CO2","N2","CO2",6,"60",-27.9,357.84,"",3.91,22.7,"","6RGOLDSMITH","E9","Root","13C, 15N",2.399,2162122,22119,"M"
"N2CO27root15","N2CO2","N2","CO2",7,"15",-27.92,577.9,"",2.22,39.76,"","7RGOLDSMITH","B2","Root","13C, 15N",2.421,2162175,22218,"M"
"N2CO27root30","N2CO2","N2","CO2",7,"30",-27.95,334.56,"",3.66,27.15,"","5RGOLDSMITH","C10","Root","13C, 15N",2.399,2162003,21929,"M"
"N2CO27root60","N2CO2","N2","CO2",7,"60",-27.51,337.44,"",3.96,24.96,"","7RGOLDSMITH","B5","Root","13C, 15N",2.924,2162178,22221,"M"
"N2CO28root15","N2CO2","N2","CO2",8,"15",-29.82,209.02,"",2.9,15.07,"Precision decreases for samples containing less than 20ugN","7RGOLDSMITH","H6","Root","13C, 15N",2.092,2162251,22346,"M"
"N2CO28root30","N2CO2","N2","CO2",8,"30",-27.82,321.03,"",4.82,24.06,"","7RGOLDSMITH","F11","Root","13C, 15N",2.878,2162232,22320,"M"
"N2CO28root60","N2CO2","N2","CO2",8,"60",-27.64,135.46,"",5.01,14.51,"Precision decreases for samples containing less than 20ugN","6RGOLDSMITH","C11","Root","13C, 15N",2.445,2162100,22088,"M"
"N2CO29root15","N2CO2","N2","CO2",9,"15",-30.87,597.95,"",0.27,37.82,"","6RGOLDSMITH","H11","Root","13C, 15N",2.389,2162160,22196,"M"
"N2CO29root30","N2CO2","N2","CO2",9,"30",-28.73,429.19,"",1.49,23.02,"","5RGOLDSMITH","F1","Root","13C, 15N",2.551,2162030,21969,"M"
"N2CO29root60","N2CO2","N2","CO2",9,"60",-29.28,763.64,"",0.73,34.77,"","6RGOLDSMITH","C1","Root","13C, 15N",2.161,2162090,22078,"M"
"N2CON10root15","N2CON","N2","CON",10,"15",-29.84,898.93,"",0.96,36.66,"","5RGOLDSMITH","H5","Root","13C, 15N",2.962,2162058,22007,"M"
"N2CON10root30","N2CON","N2","CON",10,"30",-29.08,710.29,"",0.63,22.86,"","6RGOLDSMITH","C3","Root","13C, 15N",2.504,2162092,22080,"M"
"N2CON10root60","N2CON","N2","CON",10,"60",-30.89,491.61,"",2.5,22.52,"","5RGOLDSMITH","D12","Root","13C, 15N",2.331,2162017,21949,"M"
"N2CON1root15","N2CON","N2","CON",1,"15",-29.04,794.66,"",2.03,53.98,"","7RGOLDSMITH","F5","Root","13C, 15N",2.981,2162226,22314,"M"
"N2CON1root60","N2CON","N2","CON",1,"60",-27.62,367.31,"",3.38,26.87,"","6RGOLDSMITH","D2","Root","13C, 15N",2.842,2162103,22094,"M"
"N2CON2root15","N2CON","N2","CON",2,"15",-29.86,613.27,"",2.56,33.53,"","7RGOLDSMITH","E9","Root","13C, 15N",2.783,2162218,22300,"M"
"N2CON2root60","N2CON","N2","CON",2,"60",-29.37,399.78,"",2.32,31.49,"","5RGOLDSMITH","F6","Root","13C, 15N",2.503,2162035,21974,"M"
"N2CON2root60d","N2CON","N2","CON",2,"60",-29.39,466.15,"",2.42,22.2,"","6RGOLDSMITH","E11","Root","13C, 15N",2.737,2162124,22121,"M"
"N2CON3root15","N2CON","N2","CON",3,"15",-30.59,1052.98,"",-1.26,34.5,"","3RGOLDSMITH","H8","Root","13C, 15N",2.676,2161869,22441,"M"
"N2CON3root60","N2CON","N2","CON",3,"60",-29.53,446.13,"",2.33,25.2,"","7RGOLDSMITH","E11","Root","13C, 15N",2.398,2162220,22302,"M"
"N2CON4root15","N2CON","N2","CON",4,"15",-28.36,439.85,"",1.7,35.96,"","6RGOLDSMITH","F3","Root","13C, 15N",2.192,2162128,22129,"M"
"N2CON4root30","N2CON","N2","CON",4,"30",-28.71,382.97,"",2.71,25.98,"","6RGOLDSMITH","C12","Root","13C, 15N",2.015,2162101,22089,"M"
"N2CON4root60","N2CON","N2","CON",4,"60",-27.33,283.39,"",3.91,20.81,"","5RGOLDSMITH","H3","Root","13C, 15N",2.491,2162056,22005,"M"
"N2CON5root15","N2CON","N2","CON",5,"15",-28.94,625.68,"",2.89,47.51,"","6RGOLDSMITH","D6","Root","13C, 15N",2.862,2162107,22098,"M"
"N2CON5root30","N2CON","N2","CON",5,"30",-31.21,834.78,"",2.88,45.97,"","6RGOLDSMITH","D1","Root","13C, 15N",2.865,2162102,22093,"M"
"N2CON5root60","N2CON","N2","CON",5,"60",-30.66,478.71,"",1.62,22.77,"","6RGOLDSMITH","H3","Root","13C, 15N",2.897,2162152,22188,"M"
"N2CON6root15","N2CON","N2","CON",6,"15",-29.2,700.9,"",2.63,53.71,"","5RGOLDSMITH","E1","Root","13C, 15N",2.839,2162018,21954,"M"
"N2CON6root30","N2CON","N2","CON",6,"30",-27.34,261.32,"",4.85,25.1,"","5RGOLDSMITH","C11","Root","13C, 15N",2.824,2162004,21930,"M"
"N2CON7root15","N2CON","N2","CON",7,"15",-28.7,621.11,"",0.5,44.2,"","8LRGOLDSMITH","B5","Root","13C, 15N",2.712,2162274,22379,"M"
"N2CON7root30","N2CON","N2","CON",7,"30",-28.88,630.59,"",1.61,43.72,"","5RGOLDSMITH","E2","Root","13C, 15N",2.676,2162019,21955,"M"
"N2CON8root15","N2CON","N2","CON",8,"15",-28.68,510.9,"",1.03,35.49,"","5RGOLDSMITH","G6","Root","13C, 15N",2.624,2162047,21992,"M"
"N2CON8root30","N2CON","N2","CON",8,"30",-28.2,564.99,"",1.69,35.16,"","5RGOLDSMITH","G4","Root","13C, 15N",2.656,2162045,21990,"M"
"N2CON8root60","N2CON","N2","CON",8,"60",-28.89,323.98,"",2.33,26.14,"","6RGOLDSMITH","E5","Root","13C, 15N",2.655,2162118,22115,"M"
"N2CON8root60d","N2CON","N2","CON",8,"60",-29.07,530.59,"",1.77,28.78,"","6RGOLDSMITH","H5","Root","13C, 15N",2.127,2162154,22190,"M"
"N2CON9root15","N2CON","N2","CON",9,"15",-30.04,597.74,"",1.65,38.96,"","5RGOLDSMITH","E3","Root","13C, 15N",2.939,2162020,21956,"M"
"N2CON9root15d","N2CON","N2","CON",9,"15",-28.89,810.94,"",1.79,60.11,"","8LRGOLDSMITH","D1","Root","13C, 15N",2.599,2162294,25909,"M"
"N2CON9root60","N2CON","N2","CON",9,"60",-29.32,262.11,"",4.32,22.61,"","6RGOLDSMITH","A1","Root","13C, 15N",2.397,2162066,22044,"M"
"N3CO210root15","N3CO2","N3","CO2",10,"15",-28.69,356.97,"",3.26,28.95,"","6RGOLDSMITH","D12","Root","13C, 15N",2.368,2162113,22104,"M"
"N3CO210root30","N3CO2","N3","CO2",10,"30",-28.89,452.12,"",2.63,25.33,"","5RGOLDSMITH","F12","Root","13C, 15N",2.482,2162041,21980,"M"
"N3CO21root15","N3CO2","N3","CO2",1,"15",-26.04,572.01,"",0.2,29.46,"","5RGOLDSMITH","E6","Root","13C, 15N",2.136,2162023,21959,"M"
"N3CO21root30","N3CO2","N3","CO2",1,"30",-5.7,352.7,"",2.07,12.78,"Precision decreases for samples containing less than 20ugN","7RGOLDSMITH","C4","Root","13C, 15N",2.841,2162189,22238,"M"
"N3CO22root15","N3CO2","N3","CO2",2,"15",-26.11,732.14,"",0.21,36.07,"","6RGOLDSMITH","H9","Root","13C, 15N",2.56,2162158,22194,"M"
"N3CO22root30","N3CO2","N3","CO2",2,"30",-25.35,673.47,"",-1.49,32.26,"","7RGOLDSMITH","F9","Root","13C, 15N",2.481,2162230,22318,"M"
"N3CO22root60","N3CO2","N3","CO2",2,"60",-3.82,204.24,"",2.01,7.85,"Contained less nitrogen than smallest reference","7RGOLDSMITH","A5","Root","13C, 15N",2.083,2162166,22206,"M"
"N3CO23root15","N3CO2","N3","CO2",3,"15",-29.66,743.67,"",0.61,37.51,"","5RGOLDSMITH","E9","Root","13C, 15N",2.863,2162026,21962,"M"
"N3CO23root30","N3CO2","N3","CO2",3,"30",-29.89,431.4,"",2.49,22.21,"","7RGOLDSMITH","A10","Root","13C, 15N",2.992,2162171,22211,"M"
"N3CO24root15","N3CO2","N3","CO2",4,"15",-29.69,608.23,"",2.52,36.97,"","6RGOLDSMITH","F6","Root","13C, 15N",2.244,2162131,22132,"M"
"N3CO24root30","N3CO2","N3","CO2",4,"30",-18,223,"",3.03,14.1,"Precision decreases for samples containing less than 20ugN","7RGOLDSMITH","G7","Root","13C, 15N",2.795,2162240,22332,"M"
"N3CO24root60","N3CO2","N3","CO2",4,"60",-28.3,198.98,"",3.33,15.11,"Precision decreases for samples containing less than 20ugN","7RGOLDSMITH","E10","Root","13C, 15N",2.886,2162219,22301,"M"
"N3CO25root15","N3CO2","N3","CO2",5,"15",-30.06,524.4,"",2.29,32.94,"","5RGOLDSMITH","H11","Root","13C, 15N",2.263,2162064,22013,"M"
"N3CO25root30","N3CO2","N3","CO2",5,"30",-29.2,509.89,"",2.71,35.46,"","7RGOLDSMITH","H7","Root","13C, 15N",2.415,2162252,22347,"M"
"N3CO25root60","N3CO2","N3","CO2",5,"60",-27.27,244.08,"",4.26,16.77,"Precision decreases for samples containing less than 20ugN","7RGOLDSMITH","G3","Root","13C, 15N",2.108,2162236,22328,"M"
"N3CO26root15","N3CO2","N3","CO2",6,"15",-29.84,673.14,"",2.27,30.07,"","7RGOLDSMITH","E5","Root","13C, 15N",2.168,2162214,22296,"M"
"N3CO26root30","N3CO2","N3","CO2",6,"30",-28.49,328.99,"",4.46,25.2,"","7RGOLDSMITH","H1","Root","13C, 15N",2.676,2162246,22341,"M"
"N3CO26root60","N3CO2","N3","CO2",6,"60",-27.84,107.06,"",2.88,10.18,"Contained less nitrogen than smallest reference","7RGOLDSMITH","D2","Root","13C, 15N",2.432,2162199,22252,"M"
"N3CO27root15","N3CO2","N3","CO2",7,"15",-14.68,385.15,"",1.11,15.18,"Precision decreases for samples containing less than 20ugN","6RGOLDSMITH","C5","Root","13C, 15N",2.182,2162094,22082,"M"
"N3CO28root15","N3CO2","N3","CO2",8,"15",-23.96,625.42,"",1.93,36.77,"","7RGOLDSMITH","B3","Root","13C, 15N",2.589,2162176,22219,"M"
"N3CO28root30","N3CO2","N3","CO2",8,"30",-21.59,577.43,"",3.47,23.98,"","6RGOLDSMITH","C10","Root","13C, 15N",2.655,2162099,22087,"M"
"N3CO28root60","N3CO2","N3","CO2",8,"60",-12.05,404.66,"",0.12,13.95,"Precision decreases for samples containing less than 20ugN","5RGOLDSMITH","D2","Root","13C, 15N",2.549,2162007,21939,"M"
"N3CO29root15","N3CO2","N3","CO2",9,"15",-29.24,633.65,"",2.66,34.96,"","5RGOLDSMITH","D6","Root","13C, 15N",2.675,2162011,21943,"M"
"N3CO29root30","N3CO2","N3","CO2",9,"30",-29.59,509.77,"",2.29,30.34,"","7RGOLDSMITH","D4","Root","13C, 15N",2.308,2162201,22254,"M"
"N3CO29root60","N3CO2","N3","CO2",9,"60",-21.51,578.47,"",-0.4,17.5,"Precision decreases for samples containing less than 20ugN","5RGOLDSMITH","D9","Root","13C, 15N",2.629,2162014,21946,"M"
"N3CON10root15","N3CON","N3","CON",10,"15",-28.95,785.55,"",0.6,58.41,"","7RGOLDSMITH","C2","Root","13C, 15N",2.43,2162187,22236,"M"
"N3CON10root30","N3CON","N3","CON",10,"30",-28.23,412.98,"",0.79,28.76,"","7RGOLDSMITH","D9","Root","13C, 15N",2.585,2162206,22259,"M"
"N3CON10root60","N3CON","N3","CON",10,"60",-28.57,248.12,"",0.86,16.06,"Precision decreases for samples containing less than 20ugN","5RGOLDSMITH","C12","Root","13C, 15N",2.81,2162005,21931,"M"
"N3CON1root15","N3CON","N3","CON",1,"15",-29.03,621.87,"",0.93,51.12,"","5RGOLDSMITH","H2","Root","13C, 15N",2.618,2162055,22004,"M"
"N3CON1root15d","N3CON","N3","CON",1,"15",-29.68,555.99,"",1.67,41.92,"","7RGOLDSMITH","A7","Root","13C, 15N",2.206,2162168,22208,"M"
"N3CON1root30","N3CON","N3","CON",1,"30",-29.22,361.83,"",0.87,25.16,"","5RGOLDSMITH","D7","Root","13C, 15N",2.82,2162012,21944,"M"
"N3CON1root60","N3CON","N3","CON",1,"60",-28.32,174.93,"",0.96,13.15,"Precision decreases for samples containing less than 20ugN","5RGOLDSMITH","D4","Root","13C, 15N",2.567,2162009,21941,"M"
"N3CON2root15","N3CON","N3","CON",2,"15",-28.53,676.55,"",1.09,48.39,"","6RGOLDSMITH","G4","Root","13C, 15N",2.711,2162141,22171,"M"
"N3CON2root30","N3CON","N3","CON",2,"30",-28.56,333.51,"",1.74,27.62,"","7RGOLDSMITH","B11","Root","13C, 15N",2.503,2162184,22227,"M"
"N3CON2root60","N3CON","N3","CON",2,"60",-27.07,57.63,"Precision decreases for samples containing less than 100ugC",3.03,8.23,"Contained less nitrogen than smallest reference","7RGOLDSMITH","D8","Root","13C, 15N",2.373,2162205,22258,"M"
"N3CON3root15","N3CON","N3","CON",3,"15",-29.93,801.16,"",1.08,49.87,"","6RGOLDSMITH","C2","Root","13C, 15N",2.383,2162091,22079,"M"
"N3CON3root30","N3CON","N3","CON",3,"30",-29.19,268.22,"",0.88,20.23,"","7RGOLDSMITH","A1","Root","13C, 15N",2.583,2162162,22202,"M"
"N3CON3root60","N3CON","N3","CON",3,"60",-24.97,78.27,"Precision decreases for samples containing less than 100ugC",1.34,10.16,"Contained less nitrogen than smallest reference","5RGOLDSMITH","F4","Root","13C, 15N",2.861,2162033,21972,"M"
"N3CON4root15","N3CON","N3","CON",4,"15",-27.79,1132.51,"",1.73,65.18,"","5RGOLDSMITH","E5","Root","13C, 15N",2.555,2162022,21958,"M"
"N3CON4root30","N3CON","N3","CON",4,"30",-29.61,678.15,"",0.66,39.21,"","5RGOLDSMITH","G7","Root","13C, 15N",2.322,2162048,21993,"M"
"N3CON4root60","N3CON","N3","CON",4,"60",-30.81,390.92,"",0.27,21.92,"","6RGOLDSMITH","A2","Root","13C, 15N",2.307,2162067,22045,"M"
"N3CON5root15","N3CON","N3","CON",5,"15",-29.19,672.29,"",0.84,48.41,"","7RGOLDSMITH","D7","Root","13C, 15N",2.243,2162204,22257,"M"
"N3CON5root30","N3CON","N3","CON",5,"30",-28.03,252.92,"",1.51,20.51,"","7RGOLDSMITH","E8","Root","13C, 15N",2.342,2162217,22299,"M"
"N3CON5root60","N3CON","N3","CON",5,"60",-28.56,82.37,"Precision decreases for samples containing less than 100ugC",-1.32,7.03,"Contained less nitrogen than smallest reference","7RGOLDSMITH","G5","Root","13C, 15N",2.939,2162238,22330,"M"
"N3CON6root15","N3CON","N3","CON",6,"15",-30.28,574.63,"",0.8,35.22,"","7RGOLDSMITH","C5","Root","13C, 15N",2.313,2162190,22239,"M"
"N3CON6root30","N3CON","N3","CON",6,"30",-29.54,203.02,"",2.64,13.62,"Precision decreases for samples containing less than 20ugN","7RGOLDSMITH","G1","Root","13C, 15N",2.586,2162234,22326,"M"
"N3CON6root60","N3CON","N3","CON",6,"60",-30.92,404.29,"",-2.23,16.26,"Precision decreases for samples containing less than 20ugN","6RGOLDSMITH","A5","Root","13C, 15N",2.528,2162070,22048,"M"
"N3CON7root15","N3CON","N3","CON",7,"15",-30.2,594.65,"",2.16,45.62,"","8LRGOLDSMITH","B7","Root","13C, 15N",2.942,2162276,22381,"M"
"N3CON7root30","N3CON","N3","CON",7,"30",-30.62,728.31,"",0.88,29.85,"","7RGOLDSMITH","F1","Root","13C, 15N",2.407,2162222,22310,"M"
"N3CON7root60","N3CON","N3","CON",7,"60",-29.42,88.19,"Precision decreases for samples containing less than 100ugC",-1.85,8.44,"Contained less nitrogen than smallest reference","7RGOLDSMITH","D10","Root","13C, 15N",2.564,2162207,22260,"M"
"N3CON8root15","N3CON","N3","CON",8,"15",-29.72,809.47,"",1.08,54.76,"","5RGOLDSMITH","G1","Root","13C, 15N",2.034,2162042,21987,"M"
"N3CON8root30","N3CON","N3","CON",8,"30",-29.19,216.12,"",1.64,15.56,"Precision decreases for samples containing less than 20ugN","7RGOLDSMITH","G2","Root","13C, 15N",2.383,2162235,22327,"M"
"N3CON8root60","N3CON","N3","CON",8,"60",-29.31,159.76,"",0.03,11.37,"Precision decreases for samples containing less than 20ugN","7RGOLDSMITH","D12","Root","13C, 15N",2.072,2162209,22262,"M"
"N3CON9root30","N3CON","N3","CON",9,"30",-28.88,529.61,"",1.24,34.54,"","7RGOLDSMITH","C1","Root","13C, 15N",2.523,2162186,22235,"M"
"N4CO210root15","N4CO2","N4","CO2",10,"15",-25.49,702.53,"",-0.52,27.84,"","7RGOLDSMITH","E1","Root","13C, 15N",2.401,2162210,22292,"M"
"N4CO21root15","N4CO2","N4","CO2",1,"15",-26.53,816.41,"",0.8,39.94,"","7RGOLDSMITH","F6","Root","13C, 15N",2.571,2162227,22315,"M"
"N4CO21root30","N4CO2","N4","CO2",1,"30",-13.15,396.46,"",3.14,10.31,"Contained less nitrogen than smallest reference","6RGOLDSMITH","F11","Root","13C, 15N",2.321,2162136,22137,"M"
"N4CO22root15","N4CO2","N4","CO2",2,"15",-26.23,705.76,"",-0.96,32.06,"","6RGOLDSMITH","G10","Root","13C, 15N",2.209,2162147,22177,"M"
"N4CO22root30","N4CO2","N4","CO2",2,"30",-23.4,673.28,"",-0.06,21.22,"","6RGOLDSMITH","H4","Root","13C, 15N",2.49,2162153,22189,"M"
"N4CO23root15","N4CO2","N4","CO2",3,"15",-18.57,580.84,"",0.85,35.7,"","6RGOLDSMITH","H12","Root","13C, 15N",2.702,2162161,22197,"M"
"N4CO23root30","N4CO2","N4","CO2",3,"30",-27.4,738.21,"",-1.55,29.76,"","6RGOLDSMITH","F5","Root","13C, 15N",2.644,2162130,22131,"M"
"N4CO24root15","N4CO2","N4","CO2",4,"15",-28.61,629.35,"",0.57,42.63,"","5RGOLDSMITH","H12","Root","13C, 15N",2.086,2162065,22014,"M"
"N4CO24root30","N4CO2","N4","CO2",4,"30",-29.25,333.4,"",-0.97,16.14,"Precision decreases for samples containing less than 20ugN","7RGOLDSMITH","B1","Root","13C, 15N",2.224,2162174,22217,"M"
"N4CO24root60","N4CO2","N4","CO2",4,"60",-31.68,224.62,"",2.61,15.08,"Precision decreases for samples containing less than 20ugN","6RGOLDSMITH","G8","Root","13C, 15N",2.091,2162145,22175,"M"
"N4CO25root15","N4CO2","N4","CO2",5,"15",-28.48,715.57,"",0.77,42.44,"","7RGOLDSMITH","A11","Root","13C, 15N",2.466,2162172,22212,"M"
"N4CO25root30","N4CO2","N4","CO2",5,"30",-29.13,391.57,"",0.37,23.1,"","6RGOLDSMITH","A11","Root","13C, 15N",2.179,2162076,22054,"M"
"N4CO25root60","N4CO2","N4","CO2",5,"60",-31.52,300.59,"",-0.65,17.35,"Precision decreases for samples containing less than 20ugN","7RGOLDSMITH","A8","Root","13C, 15N",2.751,2162169,22209,"M"
"N4CO26root15","N4CO2","N4","CO2",6,"15",-29.47,993.51,"",1.62,40.45,"","7RGOLDSMITH","G11","Root","13C, 15N",2.401,2162244,22336,"M"
"N4CO26root30","N4CO2","N4","CO2",6,"30",-24.35,380.7,"",3.6,20.74,"","7RGOLDSMITH","E12","Root","13C, 15N",2.731,2162221,22303,"M"
"N4CO27root15","N4CO2","N4","CO2",7,"15",-29.98,871.63,"",1.31,42.37,"","7RGOLDSMITH","G4","Root","13C, 15N",2.254,2162237,22329,"M"
"N4CO27root30","N4CO2","N4","CO2",7,"30",-26.91,358.67,"",4.22,21.16,"","8LRGOLDSMITH","B2","Root","13C, 15N",2.976,2162271,22376,"M"
"N4CO28root15","N4CO2","N4","CO2",8,"15",-22.02,719.49,"",0.7,32.45,"","7RGOLDSMITH","C10","Root","13C, 15N",2.958,2162195,22244,"M"
"N4CO28root30","N4CO2","N4","CO2",8,"30",-27.85,346.81,"",2.37,20.77,"","6RGOLDSMITH","H8","Root","13C, 15N",2.196,2162157,22193,"M"
"N4CO28root30d","N4CO2","N4","CO2",8,"30",-13.48,249.14,"",4.59,13.29,"Precision decreases for samples containing less than 20ugN","7RGOLDSMITH","C3","Root","13C, 15N",2.516,2162188,22237,"M"
"N4CO28root60","N4CO2","N4","CO2",8,"60",-26.85,275.52,"",1.09,17.32,"Precision decreases for samples containing less than 20ugN","6RGOLDSMITH","H7","Root","13C, 15N",2.011,2162156,22192,"M"
"N4CO29root15","N4CO2","N4","CO2",9,"15",-25.94,679.17,"",0.8,37.06,"","5RGOLDSMITH","D3","Root","13C, 15N",2.199,2162008,21940,"M"
"N4CO29root30","N4CO2","N4","CO2",9,"30",-21.16,544,"",1.07,20.84,"","7RGOLDSMITH","F10","Root","13C, 15N",2.415,2162231,22319,"M"
"N4CON10root15","N4CON","N4","CON",10,"15",-14.91,320.61,"",0.23,14.29,"Precision decreases for samples containing less than 20ugN","6RGOLDSMITH","B4","Root","13C, 15N",2.178,2162081,22065,"M"
"N4CON10root30","N4CON","N4","CON",10,"30",-20.64,309.79,"",1.99,17.19,"Precision decreases for samples containing less than 20ugN","8LRGOLDSMITH","B9","Root","13C, 15N",2.603,2162278,22383,"M"
"N4CON10root60","N4CON","N4","CON",10,"60",-24.44,293.93,"",2.67,17.22,"Precision decreases for samples containing less than 20ugN","6RGOLDSMITH","B2","Root","13C, 15N",2.362,2162079,22063,"M"
"N4CON1root15","N4CON","N4","CON",1,"15",-29.35,506.3,"",3.03,36.19,"","7RGOLDSMITH","E3","Root","13C, 15N",2.265,2162212,22294,"M"
"N4CON1root30","N4CON","N4","CON",1,"30",-29.38,426.23,"",3.09,21.86,"","4RGOLDSMITH","G4","Root","13C, 15N",2.439,2161949,22453,"M"
"N4CON1root60","N4CON","N4","CON",1,"60",-24.98,208.6,"",1.86,14.85,"Precision decreases for samples containing less than 20ugN","7RGOLDSMITH","C12","Root","13C, 15N",2.991,2162197,22246,"M"
"N4CON2root15","N4CON","N4","CON",2,"15",-30.98,878.64,"",2.02,45.16,"","7RGOLDSMITH","B4","Root","13C, 15N",2.768,2162177,22220,"M"
"N4CON2root30","N4CON","N4","CON",2,"30",-29.23,660.09,"",1.81,32.42,"","7RGOLDSMITH","C8","Root","13C, 15N",2.954,2162193,22242,"M"
"N4CON2root60","N4CON","N4","CON",2,"60",-26.95,188.25,"",1.49,14.01,"Precision decreases for samples containing less than 20ugN","5RGOLDSMITH","E4","Root","13C, 15N",2.179,2162021,21957,"M"
"N4CON3root15","N4CON","N4","CON",3,"15",-28.18,657.25,"",1.2,29.48,"","7RGOLDSMITH","B9","Root","13C, 15N",2.257,2162182,22225,"M"
"N4CON3root30","N4CON","N4","CON",3,"30",-28.84,124.34,"",1.16,8.54,"Contained less nitrogen than smallest reference","7RGOLDSMITH","A2","Root","13C, 15N",2.758,2162163,22203,"M"
"N4CON4root15","N4CON","N4","CON",4,"15",-26.44,639.4,"",1.72,39.41,"","7RGOLDSMITH","F8","Root","13C, 15N",2.925,2162229,22317,"M"
"N4CON4root30","N4CON","N4","CON",4,"30",-28.51,256.56,"",1.63,20.76,"","7RGOLDSMITH","C6","Root","13C, 15N",2.271,2162191,22240,"M"
"N4CON5root15","N4CON","N4","CON",5,"15",-26.63,369.8,"",2,24.1,"","7RGOLDSMITH","G9","Root","13C, 15N",2.071,2162242,22334,"M"
"N4CON6root15","N4CON","N4","CON",6,"15",-28,428.06,"",3.08,34.51,"","5RGOLDSMITH","E7","Root","13C, 15N",2.434,2162024,21960,"M"
"N4CON6root30","N4CON","N4","CON",6,"30",-27.04,268.75,"",4.43,22.56,"","7RGOLDSMITH","E2","Root","13C, 15N",2.861,2162211,22293,"M"
"N4CON6root60","N4CON","N4","CON",6,"60",-28.48,179.64,"",2.32,14.9,"Precision decreases for samples containing less than 20ugN","7RGOLDSMITH","E4","Root","13C, 15N",2.474,2162213,22295,"M"
"N4CON7root15","N4CON","N4","CON",7,"15",-29.2,512.73,"",2.99,38.45,"","7RGOLDSMITH","G10","Root","13C, 15N",2.351,2162243,22335,"M"
"N4CON7root30","N4CON","N4","CON",7,"30",-29.25,442.08,"",3.92,27.07,"","7RGOLDSMITH","D1","Root","13C, 15N",2.232,2162198,22251,"M"
"N4CON7root60","N4CON","N4","CON",7,"60",-29.13,251.94,"",3.03,18.68,"Precision decreases for samples containing less than 20ugN","8LRGOLDSMITH","B1","Root","13C, 15N",2.669,2162270,22375,"M"
"N4CON8root15","N4CON","N4","CON",8,"15",-31.06,683.02,"",1.14,29.04,"","5RGOLDSMITH","D8","Root","13C, 15N",2.076,2162013,21945,"M"
"N4CON8root30","N4CON","N4","CON",8,"30",-29.54,263.73,"",4.95,16.18,"Precision decreases for samples containing less than 20ugN","7RGOLDSMITH","F3","Root","13C, 15N",2.215,2162224,22312,"M"
"N4CON8root60","N4CON","N4","CON",8,"60",-29.9,393.36,"",2.12,16.51,"Precision decreases for samples containing less than 20ugN","7RGOLDSMITH","D3","Root","13C, 15N",2.584,2162200,22253,"M"
"N4CON9root15","N4CON","N4","CON",9,"15",-30.02,963.66,"",0.51,35.53,"","6RGOLDSMITH","G1","Root","13C, 15N",2.954,2162138,22168,"M"
"N4CON9root30","N4CON","N4","CON",9,"30",-30.08,559.32,"",1.23,29.39,"","5RGOLDSMITH","F3","Root","13C, 15N",2.552,2162032,21971,"M"
"N4CON9root60","N4CON","N4","CON",9,"60",-28.48,216.01,"",2.66,14.82,"Precision decreases for samples containing less than 20ugN","7RGOLDSMITH","D6","Root","13C, 15N",2.121,2162203,22256,"M"
"N7CO210root15","N7CO2","N7","CO2",10,"15",-30.01,667.43,"",0.75,36.56,"","4RGOLDSMITH","E11","Root","13C, 15N",2.037,2161932,22620,"M"
"N7CO210root30","N7CO2","N7","CO2",10,"30",-29.65,702.82,"",1.75,32.8,"","6RGOLDSMITH","F10","Root","13C, 15N",2.691,2162135,22136,"M"
"N7CO21root15","N7CO2","N7","CO2",1,"15",-31.14,830.46,"",1.57,37.86,"","6RGOLDSMITH","C8","Root","13C, 15N",2.746,2162097,22085,"M"
"N7CO21root30","N7CO2","N7","CO2",1,"30",-29.83,340.75,"",3.09,23.61,"","6RGOLDSMITH","B11","Root","13C, 15N",2.328,2162088,22072,"M"
"N7CO21root60","N7CO2","N7","CO2",1,"60",-29.65,447.75,"",2.32,18.15,"Precision decreases for samples containing less than 20ugN","6RGOLDSMITH","G2","Root","13C, 15N",2.101,2162139,22169,"M"
"N7CO22root15","N7CO2","N7","CO2",2,"15",-29.86,400.81,"",1.71,30.59,"","6RGOLDSMITH","B5","Root","13C, 15N",2.66,2162082,22066,"M"
"N7CO22root30","N7CO2","N7","CO2",2,"30",-29.27,770.24,"",2.28,26.14,"","6RGOLDSMITH","D11","Root","13C, 15N",2.653,2162112,22103,"M"
"N7CO22root60","N7CO2","N7","CO2",2,"60",-29.89,295.14,"",2.29,15.51,"Precision decreases for samples containing less than 20ugN","6RGOLDSMITH","G11","Root","13C, 15N",2.446,2162148,22178,"M"
"N7CO23root15","N7CO2","N7","CO2",3,"15",-29.94,526.31,"",1.96,38.06,"","6RGOLDSMITH","D8","Root","13C, 15N",2.792,2162109,22100,"M"
"N7CO23root30","N7CO2","N7","CO2",3,"30",-27.81,298.3,"",3.66,23.5,"","7RGOLDSMITH","C9","Root","13C, 15N",2.553,2162194,22243,"M"
"N7CO24root15","N7CO2","N7","CO2",4,"15",-29.73,589.58,"",1.68,35.77,"","5RGOLDSMITH","H8","Root","13C, 15N",2.963,2162061,22010,"M"
"N7CO24root30","N7CO2","N7","CO2",4,"30",-30.19,668.92,"",2.25,24.85,"","6RGOLDSMITH","E12","Root","13C, 15N",2.741,2162125,22122,"M"
"N7CO24root60","N7CO2","N7","CO2",4,"60",-28.99,249.57,"",4.58,10.38,"Precision decreases for samples containing less than 20ugN","8LRGOLDSMITH","C3","Root","13C, 15N",2.496,2162284,25896,"M"
"N7CO25root15","N7CO2","N7","CO2",5,"15",-29.12,437.67,"",2.6,34.28,"","6RGOLDSMITH","D10","Root","13C, 15N",2.978,2162111,22102,"M"
"N7CO25root30","N7CO2","N7","CO2",5,"30",-29.5,418.86,"",2.07,20.66,"","6RGOLDSMITH","C9","Root","13C, 15N",2.186,2162098,22086,"M"
"N7CO25root60","N7CO2","N7","CO2",5,"60",-29.16,438.43,"",2.86,18.85,"Precision decreases for samples containing less than 20ugN","6RGOLDSMITH","E1","Root","13C, 15N",2.255,2162114,22111,"M"
"N7CO26root15","N7CO2","N7","CO2",6,"15",-31.17,780.19,"",1.2,41.85,"","6RGOLDSMITH","C7","Root","13C, 15N",2.516,2162096,22084,"M"
"N7CO26root30","N7CO2","N7","CO2",6,"30",-28.54,203.83,"",3.99,18.24,"Precision decreases for samples containing less than 20ugN","5RGOLDSMITH","A10","Root","13C, 15N",2.481,2161979,22492,"M"
"N7CO26root60","N7CO2","N7","CO2",6,"60",-28.59,380.76,"",3.04,17.71,"Precision decreases for samples containing less than 20ugN","3RGOLDSMITH","G10","Root","13C, 15N",2.915,2161859,22425,"M"
"N7CO27root15","N7CO2","N7","CO2",7,"15",-30.25,900.45,"",1.24,50.32,"","6RGOLDSMITH","B3","Root","13C, 15N",2.879,2162080,22064,"M"
"N7CO27root30","N7CO2","N7","CO2",7,"30",-28.48,366.33,"",3.85,25.98,"","6RGOLDSMITH","B8","Root","13C, 15N",2.343,2162085,22069,"M"
"N7CO27root60","N7CO2","N7","CO2",7,"60",-28.91,466.04,"",4.04,18.14,"Precision decreases for samples containing less than 20ugN","6RGOLDSMITH","A3","Root","13C, 15N",2.534,2162068,22046,"M"
"N7CO28root15","N7CO2","N7","CO2",8,"15",-28.89,632.94,"",1.98,38,"","6RGOLDSMITH","B1","Root","13C, 15N",2.806,2162078,22062,"M"
"N7CO28root30","N7CO2","N7","CO2",8,"30",-31.5,512.93,"",0.33,24.75,"","6RGOLDSMITH","G12","Root","13C, 15N",2.174,2162149,22179,"M"
"N7CO28root60","N7CO2","N7","CO2",8,"60",-29.09,500.15,"",1.99,19.84,"Precision decreases for samples containing less than 20ugN","6RGOLDSMITH","A10","Root","13C, 15N",2.222,2162075,22053,"M"
"N7CO29root15","N7CO2","N7","CO2",9,"15",-28.83,602.26,"",2.04,39.05,"","6RGOLDSMITH","F12","Root","13C, 15N",2.743,2162137,22138,"M"
"N7CO29root30","N7CO2","N7","CO2",9,"30",-28.69,410.63,"",3.16,25.71,"","8LRGOLDSMITH","C1","Root","13C, 15N",2.731,2162282,25894,"M"
"N7CO29root60","N7CO2","N7","CO2",9,"60",-31.32,398.64,"",2.31,21.66,"","5RGOLDSMITH","H9","Root","13C, 15N",2.543,2162062,22011,"M"
"N7CON10root15","N7CON","N7","CON",10,"15",-28.28,349.69,"",3.49,30.09,"","4RGOLDSMITH","D7","Root","13C, 15N",2.591,2161916,22598,"M"
"N7CON10root30","N7CON","N7","CON",10,"30",-28.71,287.5,"",3.8,22.57,"","6RGOLDSMITH","D4","Root","13C, 15N",2.505,2162105,22096,"M"
"N7CON10root60","N7CON","N7","CON",10,"60",-28.36,276.11,"",2.78,20.67,"","5RGOLDSMITH","F11","Root","13C, 15N",2.932,2162040,21979,"M"
"N7CON1root15","N7CON","N7","CON",1,"15",-28.29,258.98,"",3.62,25.43,"","4RGOLDSMITH","C10","Root","13C, 15N",2.547,2161907,22586,"M"
"N7CON1root30","N7CON","N7","CON",1,"30",-29.28,328.87,"",2.87,24.58,"","4RGOLDSMITH","G11","Root","13C, 15N",2.302,2161956,22460,"M"
"N7CON1root60","N7CON","N7","CON",1,"60",-27.6,273.78,"",3.87,19.75,"Precision decreases for samples containing less than 20ugN","7RGOLDSMITH","B8","Root","13C, 15N",2.723,2162181,22224,"M"
"N7CON2root15","N7CON","N7","CON",2,"15",-29.91,586.86,"",2,40.48,"","5RGOLDSMITH","G11","Root","13C, 15N",2.663,2162052,21997,"M"
"N7CON2root30","N7CON","N7","CON",2,"30",-29.61,811.28,"",1.46,26.97,"","5RGOLDSMITH","G3","Root","13C, 15N",2.673,2162044,21989,"M"
"N7CON2root60","N7CON","N7","CON",2,"60",-29.63,504.43,"",1.98,17.75,"Precision decreases for samples containing less than 20ugN","6RGOLDSMITH","G6","Root","13C, 15N",2.461,2162143,22173,"M"
"N7CON3root15","N7CON","N7","CON",3,"15",-29.18,477.36,"",2.36,23.54,"","4RGOLDSMITH","C6","Root","13C, 15N",2.997,2161903,22582,"M"
"N7CON3root15d","N7CON","N7","CON",3,"15",-29.66,627.42,"",1.35,48.73,"","5RGOLDSMITH","G8","Root","13C, 15N",2.611,2162049,21994,"M"
"N7CON3root30","N7CON","N7","CON",3,"30",-29.2,670.22,"",1.46,39.51,"","6RGOLDSMITH","A8","Root","13C, 15N",2.626,2162073,22051,"M"
"N7CON3root30d","N7CON","N7","CON",3,"30",-29.19,291.96,"",3.19,23.41,"","6RGOLDSMITH","B9","Root","13C, 15N",2.331,2162086,22070,"M"
"N7CON3root60","N7CON","N7","CON",3,"60",-29.23,307.04,"",2.96,20.87,"","5RGOLDSMITH","H7","Root","13C, 15N",2.74,2162060,22009,"M"
"N7CON3root60d","N7CON","N7","CON",3,"60",-27.7,284.34,"",2.77,25.8,"","6RGOLDSMITH","F7","Root","13C, 15N",2.263,2162132,22133,"M"
"N7CON4root15","N7CON","N7","CON",4,"15",-29.29,345.13,"",1.8,25.91,"","5RGOLDSMITH","G5","Root","13C, 15N",2.148,2162046,21991,"M"
"N7CON4root30","N7CON","N7","CON",4,"30",-28.6,371.76,"",3.84,21.93,"","8LRGOLDSMITH","B12","Root","13C, 15N",2.824,2162281,22386,"M"
"N7CON4root60","N7CON","N7","CON",4,"60",-29.07,306.59,"",4.15,15.33,"Precision decreases for samples containing less than 20ugN","4RGOLDSMITH","A8","Root","13C, 15N",2.643,2161881,22550,"M"
"N7CON5root15","N7CON","N7","CON",5,"15",-29.7,464.6,"",2.64,30.32,"","4RGOLDSMITH","E1","Root","13C, 15N",2.379,2161922,22610,"M"
"N7CON5root30","N7CON","N7","CON",5,"30",-27.92,186.87,"",5.6,18.85,"Precision decreases for samples containing less than 20ugN","6RGOLDSMITH","F1","Root","13C, 15N",2.073,2162126,22127,"M"
"N7CON6root15","N7CON","N7","CON",6,"15",-29.28,408.94,"",2.95,29.77,"","6RGOLDSMITH","G3","Root","13C, 15N",2.805,2162140,22170,"M"
"N7CON6root30","N7CON","N7","CON",6,"30",-28.57,322.96,"",3.29,22.91,"","5RGOLDSMITH","H4","Root","13C, 15N",2.842,2162057,22006,"M"
"N7CON6root60","N7CON","N7","CON",6,"60",-27.63,134.02,"",5.63,12.98,"Precision decreases for samples containing less than 20ugN","4RGOLDSMITH","B9","Root","13C, 15N",2.533,2161894,22569,"M"
"N7CON7root15","N7CON","N7","CON",7,"15",-29.31,564.19,"",3.32,34.69,"","5RGOLDSMITH","G2","Root","13C, 15N",2.819,2162043,21988,"M"
"N7CON7root30","N7CON","N7","CON",7,"30",-29.14,412.67,"",3.77,25.59,"","6RGOLDSMITH","C6","Root","13C, 15N",2.788,2162095,22083,"M"
"N7CON8root15","N7CON","N7","CON",8,"15",-29.98,377.21,"",2.49,26.46,"","6RGOLDSMITH","D5","Root","13C, 15N",2.292,2162106,22097,"M"
"N7CON8root30","N7CON","N7","CON",8,"30",-31.21,484.4,"",3.43,26.83,"","6RGOLDSMITH","E2","Root","13C, 15N",2.726,2162115,22112,"M"
"N7CON9root15","N7CON","N7","CON",9,"15",-29.75,572.69,"",1.47,36.71,"","5RGOLDSMITH","F8","Root","13C, 15N",2.833,2162037,21976,"M"
"N7CON9root30","N7CON","N7","CON",9,"30",-29.24,318.58,"",2.56,21.74,"","7RGOLDSMITH","A4","Root","13C, 15N",2.131,2162165,22205,"M"
"S1CO210root15","S1CO2","S1","CO2",10,"15",-29.12,1091.98,"",-1.33,25.81,"","5RGOLDSMITH","F10","Root","13C, 15N",2.419,2162039,21978,"M"
"S1CO210root30","S1CO2","S1","CO2",10,"30",-29.51,817.7,"",0.01,32.15,"","7RGOLDSMITH","D5","Root","13C, 15N",2.476,2162202,22255,"M"
"S1CO21root15","S1CO2","S1","CO2",1,"15",-30.27,714.17,"",0.94,28.17,"","4RGOLDSMITH","C1","Root","13C, 15N",2.39,2161898,22577,"M"
"S1CO21root30","S1CO2","S1","CO2",1,"30",-29.19,1155.3,"",0.56,26.67,"","5RGOLDSMITH","B10","Root","13C, 15N",2.574,2161991,22508,"M"
"S1CO22root15","S1CO2","S1","CO2",2,"15",-27.63,809.28,"",3.07,17.12,"Precision decreases for samples containing less than 20ugN","4RGOLDSMITH","G3","Root","13C, 15N",2.169,2161948,22452,"M"
"S1CO22root30","S1CO2","S1","CO2",2,"30",-27.65,1030.79,"",-0.68,28.97,"","4RGOLDSMITH","H6","Root","13C, 15N",2.298,2161963,22470,"M"
"S1CO22root60","S1CO2","S1","CO2",2,"60",-27.42,1119.67,"",2.57,13.38,"Precision decreases for samples containing less than 20ugN","4RGOLDSMITH","A12","Root","13C, 15N",2.391,2161885,22554,"M"
"S1CO22root90","S1CO2","S1","CO2",2,"90",-29.89,1087.36,"",0.51,21.58,"","5RGOLDSMITH","C8","Root","13C, 15N",2.605,2162001,21927,"M"
"S1CO23root15","S1CO2","S1","CO2",3,"15",-27.12,1040.53,"",1.91,23.24,"","4RGOLDSMITH","D4","Root","13C, 15N",2.271,2161913,22595,"M"
"S1CO23root30","S1CO2","S1","CO2",3,"30",-27.25,1156.34,"",0.53,17.91,"Precision decreases for samples containing less than 20ugN","6RGOLDSMITH","A12","Root","13C, 15N",2.532,2162077,22055,"M"
"S1CO24root30","S1CO2","S1","CO2",4,"30",-29.28,855.48,"",1.13,37.94,"","3RGOLDSMITH","H3","Root","13C, 15N",2.039,2161864,22436,"M"
"S1CO24root30d1","S1CO2","S1","CO2",4,"30",-27.78,737.51,"",1.74,34.84,"","5RGOLDSMITH","B6","Root","13C, 15N",2.559,2161987,22504,"M"
"S1CO24root30d2","S1CO2","S1","CO2",4,"30",-27.9,874.5,"",1.65,20.74,"","6RGOLDSMITH","H6","Root","13C, 15N",2.403,2162155,22191,"M"
"S1CO24root60","S1CO2","S1","CO2",4,"60",-28.56,1069.14,"",1.43,25.5,"","5RGOLDSMITH","A11","Root","13C, 15N",2.746,2161980,22493,"M"
"S1CO25root15","S1CO2","S1","CO2",5,"15",-21.35,933.39,"",0.54,21.96,"","5RGOLDSMITH","B1","Root","13C, 15N",2.166,2161982,22499,"M"
"S1CO25root30","S1CO2","S1","CO2",5,"30",-26.87,1012.35,"",2.28,22.44,"","4RGOLDSMITH","C2","Root","13C, 15N",2.314,2161899,22578,"M"
"S1CO25root60","S1CO2","S1","CO2",5,"60",-18.24,999.64,"",4.12,13.31,"Precision decreases for samples containing less than 20ugN","4RGOLDSMITH","E12","Root","13C, 15N",2.64,2161933,22621,"M"
"S1CO26root15","S1CO2","S1","CO2",6,"15",-27.61,1266.31,"",0.01,33.84,"","3RGOLDSMITH","G8","Root","13C, 15N",2.761,2161857,22423,"M"
"S1CO26root30","S1CO2","S1","CO2",6,"30",-31.45,566.47,"",2.16,15.02,"Precision decreases for samples containing less than 20ugN","4RGOLDSMITH","E4","Root","13C, 15N",2.029,2161925,22613,"M"
"S1CO26root60","S1CO2","S1","CO2",6,"60",-28.68,789.91,"",0.2,23.69,"","5RGOLDSMITH","H1","Root","13C, 15N",2.35,2162054,22003,"M"
"S1CO26root90","S1CO2","S1","CO2",6,"90",-28.51,958.74,"",-0.02,13.92,"Precision decreases for samples containing less than 20ugN","5RGOLDSMITH","C4","Root","13C, 15N",2.606,2161997,21923,"M"
"S1CO27root15","S1CO2","S1","CO2",7,"15",-28.57,848.64,"",1.67,24.98,"","4RGOLDSMITH","G10","Root","13C, 15N",2.619,2161955,22459,"M"
"S1CO27root30","S1CO2","S1","CO2",7,"30",-29.3,975.97,"",1.92,22.62,"","6RGOLDSMITH","D9","Root","13C, 15N",2.452,2162110,22101,"M"
"S1CO27root60","S1CO2","S1","CO2",7,"60",-28.38,1209.09,"",2.82,19.75,"Precision decreases for samples containing less than 20ugN","4RGOLDSMITH","E2","Root","13C, 15N",2.715,2161923,22611,"M"
"S1CO28root15","S1CO2","S1","CO2",8,"15",-28.99,701,"",0.8,35.58,"","4RGOLDSMITH","F12","Root","13C, 15N",2.296,2161945,22637,"M"
"S1CO28root30","S1CO2","S1","CO2",8,"30",-27.96,674.81,"",2.17,20.58,"","4RGOLDSMITH","F1","Root","13C, 15N",2.674,2161934,22626,"M"
"S1CO28root60","S1CO2","S1","CO2",8,"60",-28.43,1203.82,"",0.06,20.42,"","4RGOLDSMITH","D1","Root","13C, 15N",2.655,2161910,22592,"M"
"S1CO29root15","S1CO2","S1","CO2",9,"15",-28.43,1075.14,"",-0.14,39.88,"","7RGOLDSMITH","E7","Root","13C, 15N",2.526,2162216,22298,"M"
"S1CO29root30","S1CO2","S1","CO2",9,"30",-28.61,1090.1,"",-0.02,26.89,"","4RGOLDSMITH","B11","Root","13C, 15N",2.532,2161896,22571,"M"
"S1CO29root60","S1CO2","S1","CO2",9,"60",-27.81,734.84,"",-1.56,24.59,"","7RGOLDSMITH","H2","Root","13C, 15N",2.304,2162247,22342,"M"
"S1CON10root15","S1CON","S1","CON",10,"15",-29.05,861.15,"",2.65,19.58,"Precision decreases for samples containing less than 20ugN","4RGOLDSMITH","F5","Root","13C, 15N",2.598,2161938,22630,"M"
"S1CON10root30","S1CON","S1","CON",10,"30",-29.14,976.99,"",3.23,15.5,"Precision decreases for samples containing less than 20ugN","3RGOLDSMITH","H10","Root","13C, 15N",2.211,2161871,22443,"M"
"S1CON10root60","S1CON","S1","CON",10,"60",-28.01,829.92,"",3.98,13.44,"Precision decreases for samples containing less than 20ugN","3RGOLDSMITH","G11","Root","13C, 15N",2.343,2161860,22426,"M"
"S1CON1root30","S1CON","S1","CON",1,"30",-29.88,584.78,"",2.05,20.27,"","3RGOLDSMITH","G6","Root","13C, 15N",2.389,2161855,22421,"M"
"S1CON1root30d","S1CON","S1","CON",1,"30",-28.09,1195.3,"",2.16,58.87,"","5RGOLDSMITH","B9","Root","13C, 15N",2.875,2161990,22507,"M"
"S1CON1root60","S1CON","S1","CON",1,"60",-29.28,577.68,"",2.07,15.22,"Precision decreases for samples containing less than 20ugN","5RGOLDSMITH","C6","Root","13C, 15N",2.562,2161999,21925,"M"
"S1CON2root15","S1CON","S1","CON",2,"15",-29.93,1000.97,"",1.43,22.26,"","4RGOLDSMITH","B3","Root","13C, 15N",2.429,2161888,22563,"M"
"S1CON2root30","S1CON","S1","CON",2,"30",-28.47,862.21,"",2.31,18.1,"Precision decreases for samples containing less than 20ugN","4RGOLDSMITH","B7","Root","13C, 15N",2.318,2161892,22567,"M"
"S1CON2root30d","S1CON","S1","CON",2,"30",-30.33,1088.75,"",1.7,16.05,"Precision decreases for samples containing less than 20ugN","4RGOLDSMITH","G9","Root","13C, 15N",2.292,2161954,22458,"M"
"S1CON3root15","S1CON","S1","CON",3,"15",-28.99,863.68,"",5.68,12.48,"Precision decreases for samples containing less than 20ugN","4RGOLDSMITH","F8","Root","13C, 15N",2.264,2161941,22633,"M"
"S1CON3root15d","S1CON","S1","CON",3,"15",-29.63,857.38,"",2.09,22.69,"","4RGOLDSMITH","H7","Root","13C, 15N",2.803,2161964,22471,"M"
"S1CON3root30","S1CON","S1","CON",3,"30",-29.48,764.79,"",2.49,20.81,"","4RGOLDSMITH","C7","Root","13C, 15N",2.594,2161904,22583,"M"
"S1CON4root15","S1CON","S1","CON",4,"15",-29.98,748.38,"",0.33,27.53,"","6RGOLDSMITH","H1","Root","13C, 15N",2.629,2162150,22186,"M"
"S1CON4root30","S1CON","S1","CON",4,"30",-29.87,1052.66,"",2.04,15.64,"Precision decreases for samples containing less than 20ugN","5RGOLDSMITH","C9","Root","13C, 15N",2.393,2162002,21928,"M"
"S1CON5root15","S1CON","S1","CON",5,"15",-29.44,855.14,"",1.98,19.19,"Precision decreases for samples containing less than 20ugN","3RGOLDSMITH","H6","Root","13C, 15N",2.607,2161867,22439,"M"
"S1CON5root30","S1CON","S1","CON",5,"30",-30.12,1041.27,"",5.02,15.92,"Precision decreases for samples containing less than 20ugN","4RGOLDSMITH","G7","Root","13C, 15N",2.118,2161952,22456,"M"
"S1CON6root15","S1CON","S1","CON",6,"15",-30.71,708.5,"",1.81,17.36,"Precision decreases for samples containing less than 20ugN","5RGOLDSMITH","B12","Root","13C, 15N",2.209,2161993,22510,"M"
"S1CON6root30","S1CON","S1","CON",6,"30",-26.8,134.13,"",11.32,6.86,"Contained less nitrogen than smallest reference","4RGOLDSMITH","H11","Root","13C, 15N",2.048,2161968,22475,"M"
"S1CON7root15","S1CON","S1","CON",7,"15",-29.27,612.85,"",2.41,15.1,"Precision decreases for samples containing less than 20ugN","4RGOLDSMITH","A6","Root","13C, 15N",2.396,2161879,22548,"M"
"S1CON7root30","S1CON","S1","CON",7,"30",-29.83,548.99,"",1.75,15.51,"Precision decreases for samples containing less than 20ugN","5RGOLDSMITH","A12","Root","13C, 15N",2.286,2161981,22494,"M"
"S1CON8root15","S1CON","S1","CON",8,"15",-28.94,620.88,"",1.78,16.29,"Precision decreases for samples containing less than 20ugN","5RGOLDSMITH","B7","Root","13C, 15N",2.524,2161988,22505,"M"
"S1CON9root15","S1CON","S1","CON",9,"15",-28.58,757.54,"",2.82,20.04,"","4RGOLDSMITH","E9","Root","13C, 15N",2.816,2161930,22618,"M"
"S1CON9root30","S1CON","S1","CON",9,"30",-29.15,1331.54,"",2.56,15.06,"Precision decreases for samples containing less than 20ugN","8LRGOLDSMITH","A10","Root","13C, 15N",2.783,2162267,22368,"M"
"S1CON9root60","S1CON","S1","CON",9,"60",-30.26,1087.79,"",3.83,11.47,"Precision decreases for samples containing less than 20ugN","3RGOLDSMITH","D3","Root","13C, 15N",2.827,2161816,21599,"M"
"S3CO210root15","S3CO2","S3","CO2",10,"15",-29.06,935.5,"",-1.02,43.64,"","5RGOLDSMITH","C2","Root","13C, 15N",3,2161995,21921,"M"
"S3CO210root60","S3CO2","S3","CO2",10,"60",-29.12,516.32,"",-3.4,17.76,"Precision decreases for samples containing less than 20ugN","4RGOLDSMITH","H10","Root","13C, 15N",2.915,2161967,22474,"M"
"S3CO21root15","S3CO2","S3","CO2",1,"15",-28.65,754.42,"",-0.12,42.28,"","7RGOLDSMITH","H3","Root","13C, 15N",2.949,2162248,22343,"M"
"S3CO22root15","S3CO2","S3","CO2",2,"15",-27.47,901.51,"",-2.62,35.05,"","3RGOLDSMITH","H7","Root","13C, 15N",2.042,2161868,22440,"M"
"S3CO22root30","S3CO2","S3","CO2",2,"30",-27.54,618.34,"",0.24,38.25,"","4RGOLDSMITH","B4","Root","13C, 15N",2.722,2161889,22564,"M"
"S3CO23root15","S3CO2","S3","CO2",3,"15",-28.06,773.14,"",0.97,37.01,"","4RGOLDSMITH","C12","Root","13C, 15N",2.006,2161909,22588,"M"
"S3CO23root30","S3CO2","S3","CO2",3,"30",-27.84,1179.33,"",0.73,45.83,"","4RGOLDSMITH","F3","Root","13C, 15N",2.654,2161936,22628,"M"
"S3CO23root60","S3CO2","S3","CO2",3,"60",-27.12,525.14,"",-1.43,26.3,"","7RGOLDSMITH","B12","Root","13C, 15N",2.733,2162185,22228,"M"
"S3CO24root15","S3CO2","S3","CO2",4,"15",-29.31,692.78,"",2.9,26.92,"","8LRGOLDSMITH","C10","Root","13C, 15N",2.293,2162291,25903,"M"
"S3CO24root30","S3CO2","S3","CO2",4,"30",-28.49,1000.46,"",-0.42,48.01,"","8LRGOLDSMITH","A7","Root","13C, 15N",2.492,2162264,22365,"M"
"S3CO24root60","S3CO2","S3","CO2",4,"60",-28.1,923.89,"",-1.22,29.29,"","3RGOLDSMITH","H12","Root","13C, 15N",2.111,2161873,22445,"M"
"S3CO25root15","S3CO2","S3","CO2",5,"15",-26.69,684.9,"",-1.75,31.46,"","8LRGOLDSMITH","A8","Root","13C, 15N",2.018,2162265,22366,"M"
"S3CO25root30","S3CO2","S3","CO2",5,"30",-29.22,1196.11,"",1.29,34.55,"","4RGOLDSMITH","B12","Root","13C, 15N",2.618,2161897,22572,"M"
"S3CO26root15","S3CO2","S3","CO2",6,"15",-28.87,837.36,"",0.09,30.72,"","3RGOLDSMITH","E6","Root","13C, 15N",2.311,2161831,21620,"M"
"S3CO26root30","S3CO2","S3","CO2",6,"30",-28.63,912.52,"",-0.09,34.21,"","4RGOLDSMITH","D11","Root","13C, 15N",2.419,2161920,22602,"M"
"S3CO27root30","S3CO2","S3","CO2",7,"30",-27.82,1355.99,"",-1.48,40.91,"","3RGOLDSMITH","H2","Root","13C, 15N",2.894,2161863,22435,"M"
"S3CO28root15","S3CO2","S3","CO2",8,"15",-28.47,914.21,"",1.12,37.03,"","4RGOLDSMITH","A11","Root","13C, 15N",2.351,2161884,22553,"M"
"S3CO28root30","S3CO2","S3","CO2",8,"30",-27.44,746.22,"",-0.45,32.51,"","4RGOLDSMITH","D5","Root","13C, 15N",2.471,2161914,22596,"M"
"S3CO28root60","S3CO2","S3","CO2",8,"60",-26.55,1220.84,"",-1.92,37.01,"","5RGOLDSMITH","B8","Root","13C, 15N",2.485,2161989,22506,"M"
"S3CO29root15","S3CO2","S3","CO2",9,"15",-28.4,784.58,"",0.86,33.16,"","3RGOLDSMITH","G12","Root","13C, 15N",2.012,2161861,22427,"M"
"S3CO29root30","S3CO2","S3","CO2",9,"30",-27.61,927.8,"",0.11,33.36,"","5RGOLDSMITH","B11","Root","13C, 15N",2.404,2161992,22509,"M"
"S3CON10root15","S3CON","S3","CON",10,"15",-27.45,1010.36,"",1.22,65.18,"","8LRGOLDSMITH","C8","Root","13C, 15N",2.861,2162289,25901,"M"
"S3CON10root30","S3CON","S3","CON",10,"30",-25.89,891.99,"",-0.68,48.97,"","3RGOLDSMITH","H1","Root","13C, 15N",2.461,2161862,22434,"M"
"S3CON10root60","S3CON","S3","CON",10,"60",-27.86,713.56,"",1.38,42.56,"","4RGOLDSMITH","B2","Root","13C, 15N",2.891,2161887,22562,"M"
"S3CON1root15","S3CON","S3","CON",1,"15",-27.56,805.07,"",1.63,47.48,"","4RGOLDSMITH","B1","Root","13C, 15N",2.601,2161886,22561,"M"
"S3CON1root30","S3CON","S3","CON",1,"30",-28.09,1115.73,"",0.75,47.51,"","4RGOLDSMITH","E8","Root","13C, 15N",2.508,2161929,22617,"M"
"S3CON1root30d","S3CON","S3","CON",1,"30",-29.09,1153.07,"",0.48,60.27,"","4RGOLDSMITH","G1","Root","13C, 15N",2.877,2161946,22450,"M"
"S3CON1root60","S3CON","S3","CON",1,"60",-27.9,909.68,"",-0.68,40.75,"","3RGOLDSMITH","H4","Root","13C, 15N",2.055,2161865,22437,"M"
"S3CON2root15","S3CON","S3","CON",2,"15",-27.9,1072.08,"",0.29,68.76,"","4RGOLDSMITH","B5","Root","13C, 15N",2.553,2161890,22565,"M"
"S3CON2root30","S3CON","S3","CON",2,"30",-28.83,1053.78,"",-0.93,47.04,"","6RGOLDSMITH","B10","Root","13C, 15N",2.649,2162087,22071,"M"
"S3CON2root60","S3CON","S3","CON",2,"60",-27.74,1040.8,"",1.17,24.38,"","4RGOLDSMITH","D2","Root","13C, 15N",2.726,2161911,22593,"M"
"S3CON2root60d","S3CON","S3","CON",2,"60",-27.21,740.98,"",2.07,30.91,"","4RGOLDSMITH","E3","Root","13C, 15N",2.677,2161924,22612,"M"
"S3CON3root15","S3CON","S3","CON",3,"15",-28.59,951.13,"",-0.11,57.1,"","4RGOLDSMITH","A7","Root","13C, 15N",2.682,2161880,22549,"M"
"S3CON3root60","S3CON","S3","CON",3,"60",-27.74,606.33,"",-1.63,36.36,"","4RGOLDSMITH","H4","Root","13C, 15N",2.897,2161961,22468,"M"
"S3CON4root15","S3CON","S3","CON",4,"15",-28.97,963.58,"",0.56,44.63,"","5RGOLDSMITH","A4","Root","13C, 15N",2.369,2161973,22486,"M"
"S3CON4root30","S3CON","S3","CON",4,"30",-28.67,581.96,"",3.06,33.21,"","5RGOLDSMITH","B4","Root","13C, 15N",2.956,2161985,22502,"M"
"S3CON4root60","S3CON","S3","CON",4,"60",-29.91,724.79,"",-0.07,27.94,"","4RGOLDSMITH","E6","Root","13C, 15N",2.116,2161927,22615,"M"
"S3CON5root30","S3CON","S3","CON",5,"30",-28.25,1290.01,"",-0.56,54.53,"","4RGOLDSMITH","D10","Root","13C, 15N",2.814,2161919,22601,"M"
"S3CON6root30","S3CON","S3","CON",6,"30",-27.58,950.57,"",0.09,55.66,"","3RGOLDSMITH","E11","Root","13C, 15N",2.951,2161836,21625,"M"
"S3CON6root30d","S3CON","S3","CON",6,"30",-27.96,1052.45,"",0.59,36.03,"","4RGOLDSMITH","C4","Root","13C, 15N",2.351,2161901,22580,"M"
"S3CON7root15","S3CON","S3","CON",7,"15",-27.68,992.51,"",-1.59,52.16,"","4RGOLDSMITH","H12","Root","13C, 15N",2.335,2161969,22476,"M"
"S3CON7root60","S3CON","S3","CON",7,"60",-28.74,667.49,"",0.26,22.43,"","4RGOLDSMITH","A5","Root","13C, 15N",2.108,2161878,22547,"M"
"S3CON8root15","S3CON","S3","CON",8,"15",-27.09,800.92,"",0.42,54.41,"","3RGOLDSMITH","C10","Root","13C, 15N",2.838,2161811,21591,"M"
"S3CON8root30","S3CON","S3","CON",8,"30",-28.82,1318.38,"",0.37,56.51,"","3RGOLDSMITH","G7","Root","13C, 15N",2.873,2161856,22422,"M"
"S3CON8root60","S3CON","S3","CON",8,"60",-29.21,856.58,"",2.35,20.08,"","4RGOLDSMITH","D12","Root","13C, 15N",2.099,2161921,22603,"M"
"S3CON9root15","S3CON","S3","CON",9,"15",-28.31,746.62,"",-0.64,43.87,"","3RGOLDSMITH","E7","Root","13C, 15N",2.744,2161832,21621,"M"
"S3CON9root15d","S3CON","S3","CON",9,"15",-28.33,723.42,"",0.15,30.98,"","6RGOLDSMITH","G5","Root","13C, 15N",2.389,2162142,22172,"M"
"S4CO210root30","S4CO2","S4","CO2",10,"30",-29.69,390.83,"",0.98,14.43,"Precision decreases for samples containing less than 20ugN","4RGOLDSMITH","A10","Root","13C, 15N",2.853,2161883,22552,"M"
"S4CO210root60","S4CO2","S4","CO2",10,"60",-27.27,943.25,"",0.79,35.47,"","3RGOLDSMITH","E5","Root","13C, 15N",2.955,2161830,21619,"M"
"S4CO210root90","S4CO2","S4","CO2",10,"90",-32.8,1110.1,"",0.68,24.54,"","3RGOLDSMITH","D11","Root","13C, 15N",2.905,2161824,21607,"M"
"S4CO21root15","S4CO2","S4","CO2",1,"15",-28.02,377.83,"",2.49,24.84,"","3RGOLDSMITH","F11","Root","13C, 15N",2.361,2161848,21641,"M"
"S4CO21root15d","S4CO2","S4","CO2",1,"15",-28.88,954.42,"",4.02,42.91,"","8LRGOLDSMITH","C12","Root","13C, 15N",2.544,2162293,25905,"M"
"S4CO21root30","S4CO2","S4","CO2",1,"30",-30.11,379.93,"",3.09,14.67,"Precision decreases for samples containing less than 20ugN","3RGOLDSMITH","F5","Root","13C, 15N",2.901,2161842,21635,"M"
"S4CO21root60","S4CO2","S4","CO2",1,"60",-30.02,667.12,"",4.8,12.17,"Precision decreases for samples containing less than 20ugN","8LRGOLDSMITH","C4","Root","13C, 15N",2.505,2162285,25897,"M"
"S4CO21root90","S4CO2","S4","CO2",1,"90",-28.33,1097.33,"",0.3,18.12,"Precision decreases for samples containing less than 20ugN","3RGOLDSMITH","G1","Root","13C, 15N",2.552,2161850,22416,"M"
"S4CO22root15","S4CO2","S4","CO2",2,"15",-28.11,440.07,"",4.71,27.78,"","8LRGOLDSMITH","C11","Root","13C, 15N",2.638,2162292,25904,"M"
"S4CO22root30","S4CO2","S4","CO2",2,"30",-34.32,1125.25,"",1.89,25.19,"","3RGOLDSMITH","F4","Root","13C, 15N",2.341,2161841,21634,"M"
"S4CO22root90","S4CO2","S4","CO2",2,"90",-29.43,613.72,"",1.66,17.66,"Precision decreases for samples containing less than 20ugN","3RGOLDSMITH","D6","Root","13C, 15N",2.691,2161819,21602,"M"
"S4CO23root30","S4CO2","S4","CO2",3,"30",-29.01,1044.42,"",1.12,35.55,"","3RGOLDSMITH","C11","Root","13C, 15N",2.231,2161812,21592,"M"
"S4CO24root15","S4CO2","S4","CO2",4,"15",-28.45,477.66,"",2.4,27.1,"","3RGOLDSMITH","E10","Root","13C, 15N",2.725,2161835,21624,"M"
"S4CO24root30","S4CO2","S4","CO2",4,"30",-29.02,591.06,"",3.22,19.14,"Precision decreases for samples containing less than 20ugN","3RGOLDSMITH","F6","Root","13C, 15N",2.816,2161843,21636,"M"
"S4CO24root60","S4CO2","S4","CO2",4,"60",-32.58,976.45,"",3.78,11.84,"Precision decreases for samples containing less than 20ugN","3RGOLDSMITH","D1","Root","13C, 15N",2.553,2161814,21597,"M"
"S4CO24root60d","S4CO2","S4","CO2",4,"60",-28.19,989.94,"",2.65,28.74,"","5RGOLDSMITH","A1","Root","13C, 15N",2.188,2161970,22483,"M"
"S4CO25root15","S4CO2","S4","CO2",5,"15",-29.82,467.45,"",3.85,23.09,"","5RGOLDSMITH","B3","Root","13C, 15N",2.416,2161984,22501,"M"
"S4CO26root15","S4CO2","S4","CO2",6,"15",-29.36,534.13,"",3.07,22.35,"","8LRGOLDSMITH","C9","Root","13C, 15N",2.06,2162290,25902,"M"
"S4CO26root30","S4CO2","S4","CO2",6,"30",-30.93,1127.81,"",3.02,13.33,"Precision decreases for samples containing less than 20ugN","8LRGOLDSMITH","C6","Root","13C, 15N",2.279,2162287,25899,"M"
"S4CO27root30","S4CO2","S4","CO2",7,"30",-28.52,572.52,"",1.87,18.55,"Precision decreases for samples containing less than 20ugN","3RGOLDSMITH","E4","Root","13C, 15N",2.619,2161829,21618,"M"
"S4CO27root60","S4CO2","S4","CO2",7,"60",-26.42,1047.33,"",2.56,28,"","3RGOLDSMITH","D10","Root","13C, 15N",2.638,2161823,21606,"M"
"S4CO27root90","S4CO2","S4","CO2",7,"90",-29,686.19,"",3.4,25.56,"","4RGOLDSMITH","A4","Root","13C, 15N",2.774,2161877,22546,"M"
"S4CO28root15","S4CO2","S4","CO2",8,"15",-28.83,646.46,"",3.78,32.78,"","3RGOLDSMITH","G5","Root","13C, 15N",2.604,2161854,22420,"M"
"S4CO28root15d","S4CO2","S4","CO2",8,"15",-31.7,1097.17,"",3.06,26.75,"","4RGOLDSMITH","F10","Root","13C, 15N",2.846,2161943,22635,"M"
"S4CO28root30","S4CO2","S4","CO2",8,"30",-26.87,317.43,"",4.86,18.9,"Precision decreases for samples containing less than 20ugN","8LRGOLDSMITH","A12","Root","13C, 15N",2.325,2162269,22370,"M"
"S4CO28root90","S4CO2","S4","CO2",8,"90",-32.99,934.91,"",4.18,16.81,"Precision decreases for samples containing less than 20ugN","3RGOLDSMITH","E1","Root","13C, 15N",2.577,2161826,21615,"M"
"S4CO29root15","S4CO2","S4","CO2",9,"15",-27.86,811.07,"",0,33.95,"","5RGOLDSMITH","A9","Root","13C, 15N",2.008,2161978,22491,"M"
"S4CO29root30","S4CO2","S4","CO2",9,"30",-29.12,498.04,"",3.41,24.35,"","3RGOLDSMITH","F8","Root","13C, 15N",2.588,2161845,21638,"M"
"S4CON10root15","S4CON","S4","CON",10,"15",-28.67,940.96,"",1.53,41.99,"","4RGOLDSMITH","C3","Root","13C, 15N",2.186,2161900,22579,"M"
"S4CON10root30","S4CON","S4","CON",10,"30",-28.3,1022.47,"",1.62,54.12,"","3RGOLDSMITH","D7","Root","13C, 15N",2.291,2161820,21603,"M"
"S4CON10root60","S4CON","S4","CON",10,"60",-25.37,1100.65,"",2.11,25.38,"","4RGOLDSMITH","F4","Root","13C, 15N",2.912,2161937,22629,"M"
"S4CON1root15","S4CON","S4","CON",1,"15",-28.29,834.4,"",1.28,24.32,"","3RGOLDSMITH","G2","Root","13C, 15N",2.251,2161851,22417,"M"
"S4CON1root30","S4CON","S4","CON",1,"30",-30.01,1002.11,"",-0.18,38.74,"","5RGOLDSMITH","A5","Root","13C, 15N",2.162,2161974,22487,"M"
"S4CON1root60","S4CON","S4","CON",1,"60",-29.38,1238.2,"",0.09,23.48,"","3RGOLDSMITH","D9","Root","13C, 15N",2.774,2161822,21605,"M"
"S4CON2root15","S4CON","S4","CON",2,"15",-28.37,701.3,"",0.72,36.73,"","3RGOLDSMITH","E12","Root","13C, 15N",2.697,2161837,21626,"M"
"S4CON2root30","S4CON","S4","CON",2,"30",-29.46,1065.24,"",0.43,34.24,"","3RGOLDSMITH","H9","Root","13C, 15N",2.623,2161870,22442,"M"
"S4CON2root30d","S4CON","S4","CON",2,"30",-28.8,1076.34,"",2.32,25.67,"","7RGOLDSMITH","H9","Root","13C, 15N",2.407,2162254,22349,"M"
"S4CON2root60","S4CON","S4","CON",2,"60",-29.56,1403.81,"",-0.82,21.18,"","5RGOLDSMITH","C1","Root","13C, 15N",2.977,2161994,21920,"M"
"S4CON3root15","S4CON","S4","CON",3,"15",-28.82,911.12,"",1.5,44.45,"","3RGOLDSMITH","E2","Root","13C, 15N",2.961,2161827,21616,"M"
"S4CON3root30","S4CON","S4","CON",3,"30",-29.22,740.47,"",2.22,18.07,"Precision decreases for samples containing less than 20ugN","3RGOLDSMITH","D5","Root","13C, 15N",2.291,2161818,21601,"M"
"S4CON3root60","S4CON","S4","CON",3,"60",-30.31,1286.9,"",2.9,17.91,"Precision decreases for samples containing less than 20ugN","4RGOLDSMITH","C5","Root","13C, 15N",2.453,2161902,22581,"M"
"S4CON4root15","S4CON","S4","CON",4,"15",-31.21,872.58,"",-1.19,43.94,"","3RGOLDSMITH","F9","Root","13C, 15N",2.558,2161846,21639,"M"
"S4CON4root60","S4CON","S4","CON",4,"60",-31.34,863.53,"",-0.08,14.23,"Precision decreases for samples containing less than 20ugN","3RGOLDSMITH","C12","Root","13C, 15N",2.172,2161813,21593,"M"
"S4CON5root15","S4CON","S4","CON",5,"15",-32.2,1034.12,"",-0.14,32.64,"","3RGOLDSMITH","F10","Root","13C, 15N",2.573,2161847,21640,"M"
"S4CON5root30","S4CON","S4","CON",5,"30",-31.62,944.72,"",1.25,26.99,"","3RGOLDSMITH","D12","Root","13C, 15N",2.871,2161825,21608,"M"
"S4CON6root30","S4CON","S4","CON",6,"30",-27.31,922.62,"",3.66,35.33,"","4RGOLDSMITH","C8","Root","13C, 15N",2.293,2161905,22584,"M"
"S4CON7root15","S4CON","S4","CON",7,"15",-28.26,847.9,"",0.06,29.2,"","3RGOLDSMITH","D2","Root","13C, 15N",2.049,2161815,21598,"M"
"S4CON7root15d","S4CON","S4","CON",7,"15",-28.81,1153.03,"",1.84,33.88,"","4RGOLDSMITH","A1","Root","13C, 15N",2.685,2161874,22543,"M"
"S4CON7root30","S4CON","S4","CON",7,"30",-30.83,716.6,"",0.75,24.45,"","4RGOLDSMITH","G8","Root","13C, 15N",2.472,2161953,22457,"M"
"S4CON7root60","S4CON","S4","CON",7,"60",-27.46,873.03,"",0.72,36.46,"","3RGOLDSMITH","E8","Root","13C, 15N",2.077,2161833,21622,"M"
"S4CON8root15","S4CON","S4","CON",8,"15",-28.2,1033.69,"",0.92,36.08,"","4RGOLDSMITH","G5","Root","13C, 15N",2.656,2161950,22454,"M"
"S4CON8root30","S4CON","S4","CON",8,"30",-28.23,783.87,"",3.31,40.55,"","3RGOLDSMITH","D8","Root","13C, 15N",2.705,2161821,21604,"M"
"S4CON8root60","S4CON","S4","CON",8,"60",-30.85,804.19,"",2.54,20.06,"","4RGOLDSMITH","D3","Root","13C, 15N",2.416,2161912,22594,"M"
"S5CO210root15","S5CO2","S5","CO2",10,"15",-28.47,1023.92,"",0.4,45.27,"","3RGOLDSMITH","A9","Root","13C, 15N",2.399,2161786,21556,"M"
"S5CO210root30","S5CO2","S5","CO2",10,"30",-27.85,887.51,"",1.56,29.03,"","3RGOLDSMITH","B12","Root","13C, 15N",2.12,2161801,21577,"M"
"S5CO210root40","S5CO2","S5","CO2",10,"40",-28.13,1177.28,"",2.53,73.66,"","3RGOLDSMITH","B11","Root","13C, 15N",2.793,2161800,21576,"M"
"S5CO21root15","S5CO2","S5","CO2",1,"15",-27.6,898.58,"",-0.66,23.94,"","3RGOLDSMITH","C8","Root","13C, 15N",2.018,2161809,21589,"M"
"S5CO21root30","S5CO2","S5","CO2",1,"30",-28.89,982.4,"",1.22,33.26,"","3RGOLDSMITH","A3","Root","13C, 15N",2.332,2161780,21550,"M"
"S5CO22root15","S5CO2","S5","CO2",2,"15",-28.6,1295.58,"",0.04,36.04,"","3RGOLDSMITH","C6","Root","13C, 15N",2.826,2161807,21587,"M"
"S5CO22root30","S5CO2","S5","CO2",2,"30",-29.14,1131.48,"",0.47,25.14,"","3RGOLDSMITH","A8","Root","13C, 15N",2.315,2161785,21555,"M"
"S5CO23root120","S5CO2","S5","CO2",3,"20",-28.23,1310.99,"",-1.17,23.31,"","3RGOLDSMITH","B4","Root","13C, 15N",2.868,2161793,21569,"M"
"S5CO23root15","S5CO2","S5","CO2",3,"15",-28.69,846.09,"",1.54,33.67,"","3RGOLDSMITH","A10","Root","13C, 15N",2.403,2161787,21557,"M"
"S5CO23root30","S5CO2","S5","CO2",3,"30",-28.39,951.7,"",2.54,26.47,"","3RGOLDSMITH","B3","Root","13C, 15N",2.352,2161792,21568,"M"
"S5CO23root60","S5CO2","S5","CO2",3,"60",-29.33,1020.11,"",0.54,31.74,"","3RGOLDSMITH","B6","Root","13C, 15N",2.251,2161795,21571,"M"
"S5CO24root15","S5CO2","S5","CO2",4,"15",-28.96,990.83,"",-0.86,46.01,"","3RGOLDSMITH","B8","Root","13C, 15N",2.182,2161797,21573,"M"
"S5CO24root30","S5CO2","S5","CO2",4,"30",-29.63,1200.57,"",1.01,49.96,"","3RGOLDSMITH","B5","Root","13C, 15N",2.865,2161794,21570,"M"
"S5CO24root60","S5CO2","S5","CO2",4,"60",-29.15,1104.75,"",1.14,31.75,"","3RGOLDSMITH","C7","Root","13C, 15N",2.789,2161808,21588,"M"
"S5CO25root15","S5CO2","S5","CO2",5,"15",-27.57,1138.61,"",0.2,34.63,"","3RGOLDSMITH","B7","Root","13C, 15N",2.427,2161796,21572,"M"
"S5CO25root30","S5CO2","S5","CO2",5,"30",-27.4,1189.48,"",-0.16,29.81,"","3RGOLDSMITH","A5","Root","13C, 15N",2.714,2161782,21552,"M"
"S5CO25root40","S5CO2","S5","CO2",5,"40",-27.9,1180.61,"",0.23,24.26,"","3RGOLDSMITH","C2","Root","13C, 15N",2.596,2161803,21583,"M"
"S5CO26root15","S5CO2","S5","CO2",6,"15",-27.68,1017.24,"",1.66,22.15,"","8LRGOLDSMITH","D3","Root","13C, 15N",2.531,2162296,25911,"M"
"S5CO26root30","S5CO2","S5","CO2",6,"30",-27.2,607.86,"",1.77,25.79,"","3RGOLDSMITH","B2","Root","13C, 15N",2.134,2161791,21567,"M"
"S5CO27root15","S5CO2","S5","CO2",7,"15",-28.24,1305.48,"",-0.31,30.37,"","3RGOLDSMITH","C5","Root","13C, 15N",2.911,2161806,21586,"M"
"S5CO27root30","S5CO2","S5","CO2",7,"30",-29.29,982.47,"",1.9,46.77,"","8LRGOLDSMITH","D5","Root","13C, 15N",2.655,2162298,25913,"M"
"S5CO28root15","S5CO2","S5","CO2",8,"15",-28.48,872.36,"",0.85,26.96,"","3RGOLDSMITH","A12","Root","13C, 15N",2.077,2161789,21559,"M"
"S5CO28root60","S5CO2","S5","CO2",8,"60",-28.7,965.88,"",1.66,30.62,"","3RGOLDSMITH","A1","Root","13C, 15N",2.625,2161778,21548,"M"
"S5CO29root15","S5CO2","S5","CO2",9,"15",-27.67,1136.38,"",0.06,38.46,"","3RGOLDSMITH","C9","Root","13C, 15N",2.688,2161810,21590,"M"
"S5CO29root30","S5CO2","S5","CO2",9,"30",-27.96,1119.08,"",-2.61,33.26,"","7RGOLDSMITH","H11","Root","13C, 15N",2.357,2162256,22351,"M"
"S5CO29root40","S5CO2","S5","CO2",9,"40",-29.62,868.85,"",-0.6,29.06,"","3RGOLDSMITH","A11","Root","13C, 15N",2.052,2161788,21558,"M"
"S5CON10root15","S5CON","S5","CON",10,"15",-30.24,1248.14,"",-1.86,33.47,"","3RGOLDSMITH","A2","Root","13C, 15N",2.815,2161779,21549,"M"
"S5CON10root60","S5CON","S5","CON",10,"60",-30.46,896.55,"",-1.26,27.62,"","3RGOLDSMITH","F3","Root","13C, 15N",2.687,2161840,21633,"M"
"S5CON1root15","S5CON","S5","CON",1,"15",-28.2,1214.96,"",1.19,50.3,"","3RGOLDSMITH","C1","Root","13C, 15N",2.998,2161802,21582,"M"
"S5CON1root30","S5CON","S5","CON",1,"30",-28.68,986.42,"",1.2,50.76,"","4RGOLDSMITH","A3","Root","13C, 15N",2.456,2161876,22545,"M"
"S5CON1root60","S5CON","S5","CON",1,"60",-28.1,992.79,"",-0.14,29.16,"","6RGOLDSMITH","A4","Root","13C, 15N",2.283,2162069,22047,"M"
"S5CON2root15","S5CON","S5","CON",2,"15",-30.1,944.23,"",2.17,23.31,"","8LRGOLDSMITH","D4","Root","13C, 15N",2.174,2162297,25912,"M"
"S5CON2root30","S5CON","S5","CON",2,"30",-29.26,895.65,"",1.72,25.43,"","3RGOLDSMITH","B10","Root","13C, 15N",2.165,2161799,21575,"M"
"S5CON3root15","S5CON","S5","CON",3,"15",-28.34,1045.09,"",-0.1,32.23,"","3RGOLDSMITH","B1","Root","13C, 15N",2.411,2161790,21566,"M"
"S5CON3root30","S5CON","S5","CON",3,"30",-27.9,1196.41,"",-0.35,36.1,"","3RGOLDSMITH","H5","Root","13C, 15N",2.735,2161866,22438,"M"
"S5CON3root40","S5CON","S5","CON",3,"40",-29.61,1199.34,"",0.06,27,"","7RGOLDSMITH","H12","Root","13C, 15N",2.846,2162257,22352,"M"
"S5CON4root15","S5CON","S5","CON",4,"15",-26.53,634.59,"",3.07,20.4,"","4RGOLDSMITH","C9","Root","13C, 15N",2.024,2161906,22585,"M"
"S5CON4root30","S5CON","S5","CON",4,"30",-26.59,1039.22,"",1.8,19.61,"Precision decreases for samples containing less than 20ugN","7RGOLDSMITH","H10","Root","13C, 15N",2.216,2162255,22350,"M"
"S5CON4root60","S5CON","S5","CON",4,"60",-30.57,1217.18,"",7.67,28.43,"","3RGOLDSMITH","C3","Root","13C, 15N",2.759,2161804,21584,"M"
"S5CON5root15","S5CON","S5","CON",5,"15",-28.46,814.66,"",0.8,38.96,"","3RGOLDSMITH","A6","Root","13C, 15N",2.224,2161783,21553,"M"
"S5CON5root30","S5CON","S5","CON",5,"30",-27.98,1266.54,"",0.01,52.47,"","8LRGOLDSMITH","A5","Root","13C, 15N",2.887,2162262,22363,"M"
"S5CON5root40","S5CON","S5","CON",5,"40",-25.85,1004.97,"",1.78,26.08,"","4RGOLDSMITH","E7","Root","13C, 15N",2.758,2161928,22616,"M"
"S5CON6root15","S5CON","S5","CON",6,"15",-29.48,1066.1,"",1.23,24.79,"","8LRGOLDSMITH","D2","Root","13C, 15N",2.484,2162295,25910,"M"
"S5CON6root30","S5CON","S5","CON",6,"30",-27.49,1042.89,"",2.69,21.69,"","4RGOLDSMITH","F2","Root","13C, 15N",2.367,2161935,22627,"M"
"S5CON6root40","S5CON","S5","CON",6,"40",-28.06,1137.53,"",1.8,22.18,"","8LRGOLDSMITH","A9","Root","13C, 15N",2.551,2162266,22367,"M"
"S5CON7root15","S5CON","S5","CON",7,"15",-26.4,699.68,"",2.32,35.5,"","6RGOLDSMITH","E10","Root","13C, 15N",2.348,2162123,22120,"M"
"S5CON7root30","S5CON","S5","CON",7,"30",-27.39,1320.89,"",-1.19,25.68,"","3RGOLDSMITH","B9","Root","13C, 15N",2.811,2161798,21574,"M"
"S5CON7root30d","S5CON","S5","CON",7,"30",-28.52,948.65,"",0.89,25.34,"","8LRGOLDSMITH","C5","Root","13C, 15N",2.06,2162286,25898,"M"
"S5CON7root40","S5CON","S5","CON",7,"40",-27.36,754.64,"",2.13,16.48,"Precision decreases for samples containing less than 20ugN","8LRGOLDSMITH","B11","Root","13C, 15N",2.684,2162280,22385,"M"
"S5CON8root15","S5CON","S5","CON",8,"15",-28.14,952.6,"",0.78,48.8,"","3RGOLDSMITH","A4","Root","13C, 15N",2.419,2161781,21551,"M"
"S5CON8root30","S5CON","S5","CON",8,"30",-27.85,1212.75,"",0.76,44.37,"","3RGOLDSMITH","A7","Root","13C, 15N",2.677,2161784,21554,"M"
"S5CON9root15","S5CON","S5","CON",9,"15",-30.5,970.94,"",0.03,25.74,"","3RGOLDSMITH","F2","Root","13C, 15N",2.181,2161839,21632,"M"
"S5CON9root30","S5CON","S5","CON",9,"30",-28.39,1218.29,"",0.08,29.09,"","3RGOLDSMITH","C4","Root","13C, 15N",2.96,2161805,21585,"M"
"S6CO210root15","S6CO2","S6","CO2",10,"15",-28.2,542.48,"",3.52,32.77,"","4RGOLDSMITH","B10","Root","13C, 15N",2.515,2161895,22570,"M"
"S6CO210root30","S6CO2","S6","CO2",10,"30",-28.37,765.72,"",1.2,26.35,"","5RGOLDSMITH","A8","Root","13C, 15N",2.599,2161977,22490,"M"
"S6CO21root15","S6CO2","S6","CO2",1,"15",-28.56,1087.97,"",0.44,32.48,"","5RGOLDSMITH","A2","Root","13C, 15N",2.612,2161971,22484,"M"
"S6CO21root30","S6CO2","S6","CO2",1,"30",-29.53,1048.41,"",0.84,29.99,"","4RGOLDSMITH","G6","Root","13C, 15N",2.407,2161951,22455,"M"
"S6CO21root60","S6CO2","S6","CO2",1,"60",-29.98,1069.92,"",2.58,29.25,"","4RGOLDSMITH","A9","Root","13C, 15N",2.585,2161882,22551,"M"
"S6CO22root15","S6CO2","S6","CO2",2,"15",-28.66,745.72,"",1.91,38.41,"","5RGOLDSMITH","B5","Root","13C, 15N",2.262,2161986,22503,"M"
"S6CO22root30","S6CO2","S6","CO2",2,"30",-28.31,1155.1,"",1.23,36.55,"","4RGOLDSMITH","A2","Root","13C, 15N",2.983,2161875,22544,"M"
"S6CO22root60","S6CO2","S6","CO2",2,"60",-28.01,712.21,"",1.39,20.55,"","4RGOLDSMITH","H1","Root","13C, 15N",2.112,2161958,22465,"M"
"S6CO23root15","S6CO2","S6","CO2",3,"15",-27.82,708.51,"",2.5,33.53,"","8LRGOLDSMITH","A6","Root","13C, 15N",2.365,2162263,22364,"M"
"S6CO23root30","S6CO2","S6","CO2",3,"30",-28.83,1016.53,"",0.68,33.34,"","8LRGOLDSMITH","B10","Root","13C, 15N",2.384,2162279,22384,"M"
"S6CO23root60","S6CO2","S6","CO2",3,"60",-27.75,869.37,"",2.37,25.85,"","4RGOLDSMITH","H2","Root","13C, 15N",2.402,2161959,22466,"M"
"S6CO24root15","S6CO2","S6","CO2",4,"15",-28.76,876.11,"",0.62,37.82,"","4RGOLDSMITH","B8","Root","13C, 15N",2.368,2161893,22568,"M"
"S6CO24root30","S6CO2","S6","CO2",4,"30",-28.96,976.65,"",1.09,34.07,"","5RGOLDSMITH","B2","Root","13C, 15N",2.668,2161983,22500,"M"
"S6CO25root15","S6CO2","S6","CO2",5,"15",-29.45,1130.5,"",-0.37,33.4,"","4RGOLDSMITH","G12","Root","13C, 15N",2.418,2161957,22461,"M"
"S6CO25root30","S6CO2","S6","CO2",5,"30",-29.14,938.62,"",1.78,25.66,"","4RGOLDSMITH","D9","Root","13C, 15N",2.271,2161918,22600,"M"
"S6CO25root60","S6CO2","S6","CO2",5,"60",-28.01,751.75,"",1.72,24.41,"","3RGOLDSMITH","F7","Root","13C, 15N",2.583,2161844,21637,"M"
"S6CO26root15","S6CO2","S6","CO2",6,"15",-29.16,1191.48,"",-0.03,33.91,"","5RGOLDSMITH","C3","Root","13C, 15N",2.529,2161996,21922,"M"
"S6CO26root30","S6CO2","S6","CO2",6,"30",-29.52,1038.02,"",1.02,32.77,"","4RGOLDSMITH","E5","Root","13C, 15N",2.269,2161926,22614,"M"
"S6CO26root60","S6CO2","S6","CO2",6,"60",-29.81,798.39,"",2.85,16.34,"Precision decreases for samples containing less than 20ugN","4RGOLDSMITH","H5","Root","13C, 15N",2.293,2161962,22469,"M"
"S6CO27root15","S6CO2","S6","CO2",7,"15",-29.55,998.54,"",0.53,37.09,"","5RGOLDSMITH","A7","Root","13C, 15N",2.554,2161976,22489,"M"
"S6CO27root30","S6CO2","S6","CO2",7,"30",-28.88,1280.72,"",-0.11,40.63,"","4RGOLDSMITH","H8","Root","13C, 15N",2.871,2161965,22472,"M"
"S6CO28root15","S6CO2","S6","CO2",8,"15",-29.15,994.83,"",-0.19,42.08,"","5RGOLDSMITH","C7","Root","13C, 15N",2.439,2162000,21926,"M"
"S6CO28root30","S6CO2","S6","CO2",8,"30",-28.41,810.29,"",2.24,29.26,"","4RGOLDSMITH","D8","Root","13C, 15N",2.275,2161917,22599,"M"
"S6CO29root15","S6CO2","S6","CO2",9,"15",-27.6,464.17,"",2.07,23.13,"","3RGOLDSMITH","H11","Root","13C, 15N",2.802,2161872,22444,"M"
"S6CO29root30","S6CO2","S6","CO2",9,"30",-27.48,897.59,"",0.18,21.14,"","4RGOLDSMITH","H9","Root","13C, 15N",2.112,2161966,22473,"M"
"S6CON10root15","S6CON","S6","CON",10,"15",-28.31,688.23,"",1.33,42.19,"","4RGOLDSMITH","F11","Root","13C, 15N",2.896,2161944,22636,"M"
"S6CON1root15","S6CON","S6","CON",1,"15",-28.1,1170.62,"",0.47,46.69,"","3RGOLDSMITH","D4","Root","13C, 15N",2.574,2161817,21600,"M"
"S6CON1root30","S6CON","S6","CON",1,"30",-29.14,822.78,"",1.38,50.4,"","4RGOLDSMITH","F9","Root","13C, 15N",2.623,2161942,22634,"M"
"S6CON2root15","S6CON","S6","CON",2,"15",-28.57,608.5,"",0.55,37.71,"","5RGOLDSMITH","C5","Root","13C, 15N",2.037,2161998,21924,"M"
"S6CON2root30","S6CON","S6","CON",2,"30",-28.25,681.39,"",0.92,29.64,"","4RGOLDSMITH","D6","Root","13C, 15N",2.336,2161915,22597,"M"
"S6CON3root15","S6CON","S6","CON",3,"15",-27.81,1044.73,"",-0.23,48.73,"","3RGOLDSMITH","G9","Root","13C, 15N",2.815,2161858,22424,"M"
"S6CON3root30","S6CON","S6","CON",3,"30",-27.89,734.93,"",1.06,24.53,"","5RGOLDSMITH","A3","Root","13C, 15N",2.296,2161972,22485,"M"
"S6CON3root60","S6CON","S6","CON",3,"60",-29.05,867.38,"",1.98,45.99,"","3RGOLDSMITH","F1","Root","13C, 15N",2.759,2161838,21631,"M"
"S6CON4root15","S6CON","S6","CON",4,"15",-28.27,705.57,"",2.69,42.09,"","3RGOLDSMITH","G3","Root","13C, 15N",2.981,2161852,22418,"M"
"S6CON4root30","S6CON","S6","CON",4,"30",-28.33,785.46,"",1.92,31.94,"","3RGOLDSMITH","F12","Root","13C, 15N",2.782,2161849,21642,"M"
"S6CON5root15","S6CON","S6","CON",5,"15",-27.37,741.01,"",2.84,48.85,"","4RGOLDSMITH","F6","Root","13C, 15N",2.117,2161939,22631,"M"
"S6CON5root30","S6CON","S6","CON",5,"30",-28.69,1150.84,"",-0.46,25.26,"","3RGOLDSMITH","E3","Root","13C, 15N",2.547,2161828,21617,"M"
"S6CON6root15","S6CON","S6","CON",6,"15",-30.05,1236.37,"",1.46,59.14,"","5RGOLDSMITH","A6","Root","13C, 15N",2.981,2161975,22488,"M"
"S6CON6root30","S6CON","S6","CON",6,"30",-28.01,1216.07,"",-0.65,42.88,"","3RGOLDSMITH","E9","Root","13C, 15N",2.682,2161834,21623,"M"
"S6CON6root30d","S6CON","S6","CON",6,"30",-28.63,918.29,"",2.71,34.14,"","4RGOLDSMITH","G2","Root","13C, 15N",2.346,2161947,22451,"M"
"S6CON7root15","S6CON","S6","CON",7,"15",-28.61,884.5,"",2.44,49.36,"","4RGOLDSMITH","B6","Root","13C, 15N",2.691,2161891,22566,"M"
"S6CON7root30","S6CON","S6","CON",7,"30",-27.45,502.14,"",2.08,28.74,"","4RGOLDSMITH","E10","Root","13C, 15N",2.302,2161931,22619,"M"
"S6CON8root15","S6CON","S6","CON",8,"15",-28.53,695.67,"",2.05,50.87,"","4RGOLDSMITH","H3","Root","13C, 15N",2.465,2161960,22467,"M"
"S6CON9root15","S6CON","S6","CON",9,"15",-29.16,840.01,"",1.54,52.26,"","3RGOLDSMITH","G4","Root","13C, 15N",2.662,2161853,22419,"M"
