sample_id,total_c_ug,total_n_ug,site_id,zone,soil_depth,site_treatment,treatment
N1-CO2-10-soil-15,1346.9,101.92,N1,north,15,N1-CO2,CO2
N1-CO2-10-soil-15-D,1383.44,104.48,N1,north,#NAME?,N1-CO2,CO2
N1-CO2-10-soil-30,901.44,82.15,N1,north,30,N1-CO2,CO2
N1-CO2-10-soil-60,602.91,54.36,N1,north,60,N1-CO2,CO2
N1-CO2-1-soil-15,1297.79,112.8,N1,north,15,N1-CO2,CO2
N1-CO2-1-soil-30,1055,94.85,N1,north,30,N1-CO2,CO2
N1-CO2-1-soil-60,405.01,33.64,N1,north,60,N1-CO2,CO2
N1-CO2-2-soil-15,1273.17,114.46,N1,north,15,N1-CO2,CO2
N1-CO2-2-soil-30,541.1,48.88,N1,north,30,N1-CO2,CO2
N1-CO2-2-soil-30-D,1357.81,117.92,N1,north,#NAME?,N1-CO2,CO2
N1-CO2-3-soil-15,1349.63,125.64,N1,north,15,N1-CO2,CO2
N1-CO2-3-soil-30,1072.85,102.48,N1,north,30,N1-CO2,CO2
N1-CO2-3-soil-60,268.29,24.7,N1,north,60,N1-CO2,CO2
N1-CO2-4-soil-15,1061.83,96.83,N1,north,15,N1-CO2,CO2
N1-CO2-4-soil-30,1050.58,98.84,N1,north,30,N1-CO2,CO2
N1-CO2-5-soil-15,1223.59,114.4,N1,north,15,N1-CO2,CO2
N1-CO2-5-soil-30,707.35,67.42,N1,north,30,N1-CO2,CO2
N1-CO2-6-soil-15,1083.87,108.69,N1,north,15,N1-CO2,CO2
N1-CO2-6-soil-30,751.84,72.78,N1,north,30,N1-CO2,CO2
N1-CO2-7-soil-15,1089.85,101.13,N1,north,15,N1-CO2,CO2
N1-CO2-7-soil-30,737.74,72.75,N1,north,30,N1-CO2,CO2
N1-CO2-7-soil-60,594.88,55.03,N1,north,60,N1-CO2,CO2
N1-CO2-8-soil-15,410.7,34.68,N1,north,15,N1-CO2,CO2
N1-CO2-8-soil-15-D,1165.02,107.63,N1,north,#NAME?,N1-CO2,CO2
N1-CO2-8-soil-30,745.63,69.72,N1,north,30,N1-CO2,CO2
N1-CO2-8-soil-60,503.74,45.69,N1,north,60,N1-CO2,CO2
N1-CO2-9-soil-15,860.55,83.94,N1,north,15,N1-CO2,CO2
N1-CO2-9-soil-30,672.21,63.46,N1,north,30,N1-CO2,CO2
N1-CO2-9-soil-60,391.38,35.48,N1,north,60,N1-CO2,CO2
N1-CON-10-soil-15,1817.63,156.11,N1,north,15,N1-CON,CON
N1-CON-10-soil-30,357.65,34.13,N1,north,30,N1-CON,CON
N1-CON-10-soil-60,664.57,64.07,N1,north,60,N1-CON,CON
N1-CON-1-soil-15,1389.42,121.5,N1,north,15,N1-CON,CON
N1-CON-1-soil-30,769.62,76.26,N1,north,30,N1-CON,CON
N1-CON-1-soil-60,609.88,59.31,N1,north,60,N1-CON,CON
N1-CON-2-soil-15,1199.63,118.06,N1,north,15,N1-CON,CON
N1-CON-2-soil-30,1050.8,106.43,N1,north,30,N1-CON,CON
N1-CON-2-soil-60,582.07,60.05,N1,north,60,N1-CON,CON
N1-CON-4-soil-15,1451.83,142.76,N1,north,15,N1-CON,CON
N1-CON-4-soil-30,794.18,77.92,N1,north,30,N1-CON,CON
N1-CON-4-soil-60,561.28,57.5,N1,north,60,N1-CON,CON
N1-CON-5-soil-15,1476.24,132.1,N1,north,15,N1-CON,CON
N1-CON-5-soil-30,915.31,86.66,N1,north,30,N1-CON,CON
N1-CON-5-soil-60,1196.54,103.04,N1,north,60,N1-CON,CON
N1-CON-6-soil-15,1229.43,116.04,N1,north,15,N1-CON,CON
N1-CON-6-soil-30,667.37,67.46,N1,north,30,N1-CON,CON
N1-CON-6-soil-60,424.1,44.93,N1,north,60,N1-CON,CON
N1-CON-7-soil-15,1380.57,138.15,N1,north,15,N1-CON,CON
N1-CON-7-soil-30,1030.4,100.23,N1,north,30,N1-CON,CON
N1-CON-7-soil-60,475.91,48.09,N1,north,60,N1-CON,CON
N1-CON-8-soil-15,1103.51,110.95,N1,north,15,N1-CON,CON
N1-CON-8-soil-30,980.31,96.92,N1,north,30,N1-CON,CON
N1-CON-8-soil-60,467.46,45.93,N1,north,60,N1-CON,CON
N1-CON-9-soil-15,1159.05,109.96,N1,north,15,N1-CON,CON
N1-CON-9-soil-30,821.06,84.55,N1,north,30,N1-CON,CON
N1-CON-9-soil-60,417.83,42.96,N1,north,60,N1-CON,CON
N2-CO2-10-soil-15,766.69,60.25,N2,north,15,N2-CO2,CO2
N2-CO2-10-soil-30,521.41,48.26,N2,north,30,N2-CO2,CO2
N2-CO2-1-soil-15,1283.63,115.52,N2,north,15,N2-CO2,CO2
N2-CO2-1-soil-30,1191.06,114.34,N2,north,30,N2-CO2,CO2
N2-CO2-1-soil-60,644.99,67.44,N2,north,60,N2-CO2,CO2
N2-CO2-2-soil-15,1244.32,100.28,N2,north,15,N2-CO2,CO2
N2-CO2-2-soil-30,1071.02,89.99,N2,north,30,N2-CO2,CO2
N2-CO2-2-soil-60,555.16,52.72,N2,north,60,N2-CO2,CO2
N2-CO2-3-soil-15,1704.06,150.49,N2,north,15,N2-CO2,CO2
N2-CO2-3-soil-30,904.21,85.53,N2,north,30,N2-CO2,CO2
N2-CO2-3-soil-60,507.46,51.3,N2,north,60,N2-CO2,CO2
N2-CO2-4-soil-15,1229.43,105.3,N2,north,15,N2-CO2,CO2
N2-CO2-4-soil-30,920.85,84.41,N2,north,30,N2-CO2,CO2
N2-CO2-4-soil-60,490.43,48.54,N2,north,60,N2-CO2,CO2
N2-CO2-5-soil-15,912.27,81.55,N2,north,15,N2-CO2,CO2
N2-CO2-5-soil-30,806.95,74.8,N2,north,30,N2-CO2,CO2
N2-CO2-5-soil-60,492.03,50.64,N2,north,60,N2-CO2,CO2
N2-CO2-6-soil-15,1110.42,92.54,N2,north,15,N2-CO2,CO2
N2-CO2-6-soil-30,799.65,77.05,N2,north,30,N2-CO2,CO2
N2-CO2-6-soil-60,818.08,7.25,N2,north,60,N2-CO2,CO2
N2-CO2-7-soil-15,1313.32,111.92,N2,north,15,N2-CO2,CO2
N2-CO2-7-soil-30,996.04,92.12,N2,north,30,N2-CO2,CO2
N2-CO2-7-soil-60,560.78,56.39,N2,north,60,N2-CO2,CO2
N2-CO2-8-soil-30,525.66,51.78,N2,north,30,N2-CO2,CO2
N2-CO2-8-soil-60,310.31,32.83,N2,north,60,N2-CO2,CO2
N2-CO2-9-soil-15,923.62,86.66,N2,north,15,N2-CO2,CO2
N2-CO2-9-soil-30,787.45,74.8,N2,north,30,N2-CO2,CO2
N2-CO2-9-soil-60,1136.15,108.13,N2,north,60,N2-CO2,CO2
N2-CON-10-soil-15,1117.37,105.79,N2,north,15,N2-CON,CON
N2-CON-10-soil-30,881.47,83.63,N2,north,30,N2-CON,CON
N2-CON-10-soil-60,497.82,52.41,N2,north,60,N2-CON,CON
N2-CON-1-soil-15,1097.16,107.51,N2,north,15,N2-CON,CON
N2-CON-1-soil-60,332.15,32.38,N2,north,60,N2-CON,CON
N2-CON-2-soil-15,633.76,61.25,N2,north,15,N2-CON,CON
N2-CON-2-soil-30,528.11,52.28,N2,north,30,N2-CON,CON
N2-CON-2-soil-60,728.88,61.81,N2,north,60,N2-CON,CON
N2-CON-3-soil-15,1184,111.97,N2,north,15,N2-CON,CON
N2-CON-3-soil-60,631.33,63.84,N2,north,60,N2-CON,CON
N2-CON-4-soil-15,962.4,96.83,N2,north,15,N2-CON,CON
N2-CON-4-soil-30,552.87,56.38,N2,north,30,N2-CON,CON
N2-CON-4-soil-60,543.25,54.31,N2,north,60,N2-CON,CON
N2-CON-5-soil-15,913.78,91.67,N2,north,15,N2-CON,CON
N2-CON-5-soil-30,857.93,87.53,N2,north,30,N2-CON,CON
N2-CON-5-soil-60,411.72,37.19,N2,north,60,N2-CON,CON
N2-CON-6-soil-15,889.69,90.64,N2,north,15,N2-CON,CON
N2-CON-6-soil-30,762.37,79.89,N2,north,30,N2-CON,CON
N2-CON-6-soil-60,430.32,43.13,N2,north,60,N2-CON,CON
N2-CON-7-soil-15,1538.84,122.76,N2,north,15,N2-CON,CON
N2-CON-7-soil-30,843.12,80.45,N2,north,30,N2-CON,CON
N2-CON-7-soil-60,607.15,60.95,N2,north,60,N2-CON,CON
N2-CON-8-soil-15,269.15,24.09,N2,north,15,N2-CON,CON
N2-CON-8-soil-30,793.03,77.06,N2,north,30,N2-CON,CON
N2-CON-8-soil-60,591.63,59.3,N2,north,60,N2-CON,CON
N2-CON-9-soil-15,1100.31,102.34,N2,north,15,N2-CON,CON
N2-CON-9-soil-30,702.25,68.15,N2,north,30,N2-CON,CON
N2-CON-9-soil-60,450.17,46.04,N2,north,60,N2-CON,CON
N3-CO2-10-soil-15,820,74.92,N3,north,15,N3-CO2,CO2
N3-CO2-10-soil-30,647.77,68.02,N3,north,30,N3-CO2,CO2
N3-CO2-1-soil-15,1338.72,65.77,N3,north,15,N3-CO2,CO2
N3-CO2-1-soil-30,591.68,22.05,N3,north,30,N3-CO2,CO2
N3-CO2-1-soil-60,1028.31,8.57,N3,north,60,N3-CO2,CO2
N3-CO2-2-soil-15,1536.73,59.01,N3,north,15,N3-CO2,CO2
N3-CO2-2-soil-30,1048.04,39.44,N3,north,30,N3-CO2,CO2
N3-CO2-2-soil-60,915.72,15.72,N3,north,60,N3-CO2,CO2
N3-CO2-3-soil-30,515.78,53.85,N3,north,30,N3-CO2,CO2
N3-CO2-3-soil-35,1262.91,127.07,N3,north,35,N3-CO2,CO2
N3-CO2-4-soil-15,1863.35,144.66,N3,north,15,N3-CO2,CO2
N3-CO2-4-soil-60,261.54,25.65,N3,north,60,N3-CO2,CO2
N3-CO2-5-soil-15,1523.14,121.43,N3,north,15,N3-CO2,CO2
N3-CO2-5-soil-30,1143.98,88.62,N3,north,30,N3-CO2,CO2
N3-CO2-5-soil-60,863.37,68.1,N3,north,60,N3-CO2,CO2
N3-CO2-6-soil-15,1352.45,96.73,N3,north,15,N3-CO2,CO2
N3-CO2-6-soil-30,445.36,43.53,N3,north,30,N3-CO2,CO2
N3-CO2-6-soil-60,289.59,28.49,N3,north,60,N3-CO2,CO2
N3-CO2-7-soil-15,1435.79,23.75,N3,north,15,N3-CO2,CO2
N3-CO2-7-soil-30,1278.67,10.3,N3,north,30,N3-CO2,CO2
N3-CO2-8-soil-15,1398.63,47.69,N3,north,15,N3-CO2,CO2
N3-CO2-8-soil-30,1363.25,61.26,N3,north,30,N3-CO2,CO2
N3-CO2-8-soil-60,1321.22,5.06,N3,north,60,N3-CO2,CO2
N3-CO2-9-soil-15,851.46,79.89,N3,north,15,N3-CO2,CO2
N3-CO2-9-soil-30,560.78,59.55,N3,north,30,N3-CO2,CO2
N3-CO2-9-soil-60,1207.51,3.92,N3,north,60,N3-CO2,CO2
N3-CO2-soil-60,154.39,11.54,N3,north,60,N3-CO2,CO2
N3-CON-10-soil-15,2953.38,232.59,N3,north,15,N3-CON,CON
N3-CON-10-soil-30,1219.53,90.16,N3,north,30,N3-CON,CON
N3-CON-10-soil-60,601.59,38.53,N3,north,60,N3-CON,CON
N3-CON-1-soil-15,2084.63,165.83,N3,north,15,N3-CON,CON
N3-CON-1-soil-60,1493.64,92.88,N3,north,60,N3-CON,CON
N3-CON-2-soil-15,2281.81,178.15,N3,north,15,N3-CON,CON
N3-CON-2-soil-30,877.68,81.87,N3,north,30,N3-CON,CON
N3-CON-2-soil-60,239.13,19.88,N3,north,60,N3-CON,CON
N3-CON-3-soil-15,2596.2,204.51,N3,north,15,N3-CON,CON
N3-CON-3-soil-30,771.4,70.27,N3,north,30,N3-CON,CON
N3-CON-3-soil-60,133.25,13.16,N3,north,60,N3-CON,CON
N3-CON-4-soil-15,3567.81,275.32,N3,north,15,N3-CON,CON
N3-CON-4-soil-30,1165.57,108.12,N3,north,30,N3-CON,CON
N3-CON-4-soil-60,172.95,16.45,N3,north,60,N3-CON,CON
N3-CON-5-soil-15,2737.31,214.76,N3,north,15,N3-CON,CON
N3-CON-5-soil-15-D,557.41,52.13,N3,north,#NAME?,N3-CON,CON
N3-CON-5-soil-60,98.74,10.51,N3,north,60,N3-CON,CON
N3-CON-6-soil-15,1588.29,142.02,N3,north,15,N3-CON,CON
N3-CON-6-soil-30,324.88,28.79,N3,north,30,N3-CON,CON
N3-CON-7-soil-15,1341.45,122.25,N3,north,15,N3-CON,CON
N3-CON-7-soil-15-D,105.1,11.08,N3,north,#NAME?,N3-CON,CON
N3-CON-7-soil-30,461.06,45.3,N3,north,30,N3-CON,CON
N3-CON-8-soil-15,3026.04,238.96,N3,north,15,N3-CON,CON
N3-CON-8-soil-30,380.32,39.25,N3,north,30,N3-CON,CON
N3-CON-8-soil-60,111.38,10.58,N3,north,60,N3-CON,CON
N3-CON-8-soil-60-D,156.97,14.6,N3,north,#NAME?,N3-CON,CON
N3-CON-9-soil-15,2440.86,204.56,N3,north,15,N3-CON,CON
N3-CON-9-soil-30,106.7,10.19,N3,north,30,N3-CON,CON
N3-CON-9-soil-60,138.1,12.34,N3,north,60,N3-CON,CON
N4-CO2-10-soil-15,1470.48,42.41,N4,north,15,N4-CO2,CO2
N4-CO2-10-soil-30,862.13,9.13,N4,north,30,N4-CO2,CO2
N4-CO2-10-soil-60,834.78,75.93,N4,north,60,N4-CO2,CO2
N4-CO2-1-soil-15,1912.86,86.32,N4,north,15,N4-CO2,CO2
N4-CO2-1-soil-30,1268.9,15.82,N4,north,30,N4-CO2,CO2
N4-CO2-1-soil-60,119.18,10.4,N4,north,60,N4-CO2,CO2
N4-CO2-2-soil-15,1466.53,31.31,N4,north,15,N4-CO2,CO2
N4-CO2-2-soil-30,1296.9,17.69,N4,north,30,N4-CO2,CO2
N4-CO2-2-soil-60,84.48,9.99,N4,north,60,N4-CO2,CO2
N4-CO2-3-soil-15,1741.39,79.6,N4,north,15,N4-CO2,CO2
N4-CO2-3-soil-30,742.84,23.12,N4,north,30,N4-CO2,CO2
N4-CO2-3-soil-60,72.37,3.76,N4,north,60,N4-CO2,CO2
N4-CO2-4-soil-15,2641.31,209.8,N4,north,15,N4-CO2,CO2
N4-CO2-4-soil-30,201.43,11.77,N4,north,30,N4-CO2,CO2
N4-CO2-4-soil-60,70.37,3.32,N4,north,60,N4-CO2,CO2
N4-CO2-5-soil-15,2748.36,174.88,N4,north,15,N4-CO2,CO2
N4-CO2-5-soil-30,659.08,46.62,N4,north,30,N4-CO2,CO2
N4-CO2-5-soil-60,307.56,27.18,N4,north,60,N4-CO2,CO2
N4-CO2-6-soil-15,4008.46,249.75,N4,north,15,N4-CO2,CO2
N4-CO2-6-soil-30,815.86,60.58,N4,north,30,N4-CO2,CO2
N4-CO2-7-soil-15,3854.09,256.46,N4,north,15,N4-CO2,CO2
N4-CO2-7-soil-30,1031.32,73.1,N4,north,30,N4-CO2,CO2
N4-CO2-8-soil-15,1825.75,71.81,N4,north,15,N4-CO2,CO2
N4-CO2-8-soil-30,361.44,14.01,N4,north,30,N4-CO2,CO2
N4-CO2-8-soil-30-D,817.15,32.33,N4,north,#NAME?,N4-CO2,CO2
N4-CO2-8-soil-60,3042.59,244.82,N4,north,60,N4-CO2,CO2
N4-CO2-9-soil-15,1997.15,100.93,N4,north,15,N4-CO2,CO2
N4-CO2-9-soil-30,1479.11,47.71,N4,north,30,N4-CO2,CO2
N4-CO2-9-soil-60,520.72,10.26,N4,north,60,N4-CO2,CO2
N4-CON-10-soil-15,1231.39,45.67,N4,north,15,N4-CON,CON
N4-CON-10-soil-30,1033.44,49.03,N4,north,30,N4-CON,CON
N4-CON-10-soil-60,900.88,40.22,N4,north,60,N4-CON,CON
N4-CON-1-soil-15,2215.83,167.85,N4,north,15,N4-CON,CON
N4-CON-1-soil-30,522.17,52.62,N4,north,30,N4-CON,CON
N4-CON-1-soil-60,210.76,23.02,N4,north,60,N4-CON,CON
N4-CON-2-soil-15,2155.8,150.03,N4,north,15,N4-CON,CON
N4-CON-2-soil-30,644.24,55.07,N4,north,30,N4-CON,CON
N4-CON-2-soil-60,77.84,10.17,N4,north,60,N4-CON,CON
N4-CON-3-soil-15,1510.29,68.8,N4,north,15,N4-CON,CON
N4-CON-3-soil-30,1914.4,129.23,N4,north,30,N4-CON,CON
N4-CON-3-soil-60,815.1,53.98,N4,north,60,N4-CON,CON
N4-CON-4-soil-15,1710.74,100.73,N4,north,15,N4-CON,CON
N4-CON-4-soil-30,810.8,73.41,N4,north,30,N4-CON,CON
N4-CON-4-soil-60,1058.05,56.7,N4,north,60,N4-CON,CON
N4-CON-5-soil-15,1448.95,75.16,N4,north,15,N4-CON,CON
N4-CON-6-soil-15,1313.28,115.56,N4,north,15,N4-CON,CON
N4-CON-6-soil-30,558.85,57,N4,north,30,N4-CON,CON
N4-CON-6-soil-60,178.52,20.27,N4,north,60,N4-CON,CON
N4-CON-7-soil-15,1681.5,154.83,N4,north,15,N4-CON,CON
N4-CON-7-soil-30,653.37,71.98,N4,north,30,N4-CON,CON
N4-CON-7-soil-60,332.15,39.16,N4,north,60,N4-CON,CON
N4-CON-8-soil-15,1304.75,112.44,N4,north,15,N4-CON,CON
N4-CON-8-soil-30,434.48,44.17,N4,north,30,N4-CON,CON
N4-CON-8-soil-60,138.49,16.46,N4,north,60,N4-CON,CON
N4-CON-9-soil-15,1855.5,122.41,N4,north,15,N4-CON,CON
N4-CON-9-soil-30,913.01,69.55,N4,north,30,N4-CON,CON
N4-CON-9-soil-60,520,40.1,N4,north,60,N4-CON,CON
N7-CO2-10-soil-15,1379.49,107.05,N7,north,15,N7-CO2,CO2
N7-CO2-10-soil-30,746.25,66.46,N7,north,30,N7-CO2,CO2
N7-CO2-1-soil-15,700.94,58.99,N7,north,15,N7-CO2,CO2
N7-CO2-1-soil-30,740.39,71.35,N7,north,30,N7-CO2,CO2
N7-CO2-1-soil-60,532.2,51.75,N7,north,60,N7-CO2,CO2
N7-CO2-2-soil-15,1066.33,93.69,N7,north,15,N7-CO2,CO2
N7-CO2-2-soil-30,695.78,66.95,N7,north,30,N7-CO2,CO2
N7-CO2-2-soil-60,370.47,33.86,N7,north,60,N7-CO2,CO2
N7-CO2-3-soil-15,946.09,83.26,N7,north,15,N7-CO2,CO2
N7-CO2-3-soil-30,563.9,55.58,N7,north,30,N7-CO2,CO2
N7-CO2-4-soil-15,837.56,74.8,N7,north,15,N7-CO2,CO2
N7-CO2-4-soil-30,490.38,46.74,N7,north,30,N7-CO2,CO2
N7-CO2-4-soil-60,254.82,22.82,N7,north,60,N7-CO2,CO2
N7-CO2-5-soil-15,1130.14,96.57,N7,north,15,N7-CO2,CO2
N7-CO2-5-soil-30,628.15,59.55,N7,north,30,N7-CO2,CO2
N7-CO2-5-soil-60,347.17,32.71,N7,north,60,N7-CO2,CO2
N7-CO2-6-soil-15,1028.52,75.41,N7,north,15,N7-CO2,CO2
N7-CO2-6-soil-30,656.32,56.08,N7,north,30,N7-CO2,CO2
N7-CO2-6-soil-60,284.39,26.22,N7,north,60,N7-CO2,CO2
N7-CO2-7-soil-15,979.84,81.27,N7,north,15,N7-CO2,CO2
N7-CO2-7-soil-30,671.63,65.13,N7,north,30,N7-CO2,CO2
N7-CO2-7-soil-60,388.91,36.57,N7,north,60,N7-CO2,CO2
N7-CO2-8-soil-15,1033.47,82.59,N7,north,15,N7-CO2,CO2
N7-CO2-8-soil-30,766.97,66.53,N7,north,30,N7-CO2,CO2
N7-CO2-8-soil-60,426.59,40.87,N7,north,60,N7-CO2,CO2
N7-CO2-9-soil-15,845.5,74.75,N7,north,15,N7-CO2,CO2
N7-CO2-9-soil-30,728.88,68.59,N7,north,30,N7-CO2,CO2
N7-CO2-9-soil-60,909.76,81.58,N7,north,60,N7-CO2,CO2
N7-CO2-9-soil-60-D,867.31,88.45,N7,north,#NAME?,N7-CO2,CO2
N7-CON-10-soil-15,1133.4,100.22,N7,north,15,N7-CON,CON
N7-CON-10-soil-30,639.92,62.47,N7,north,30,N7-CON,CON
N7-CON-10-soil-60,512.96,46.96,N7,north,60,N7-CON,CON
N7-CON-1-soil-15,997.5,95.47,N7,north,15,N7-CON,CON
N7-CON-1-soil-30,609.35,59.15,N7,north,30,N7-CON,CON
N7-CON-1-soil-60,351.99,33.85,N7,north,60,N7-CON,CON
N7-CON-2-soil-15,694.21,63.84,N7,north,15,N7-CON,CON
N7-CON-2-soil-30,562.44,57.62,N7,north,30,N7-CON,CON
N7-CON-2-soil-60,342.51,32.8,N7,north,60,N7-CON,CON
N7-CON-3-soil-15,1431.25,142.58,N7,north,15,N7-CON,CON
N7-CON-3-soil-15-D,1374.14,113.21,N7,north,#NAME?,N7-CON,CON
N7-CON-3-soil-30,684.16,71.41,N7,north,30,N7-CON,CON
N7-CON-3-soil-30-D,717.77,67.2,N7,north,#NAME?,N7-CON,CON
N7-CON-3-soil-60,363.16,38.01,N7,north,60,N7-CON,CON
N7-CON-3-soil-60-D,219.39,21.03,N7,north,#NAME?,N7-CON,CON
N7-CON-4-soil-15,981.76,86.1,N7,north,15,N7-CON,CON
N7-CON-4-soil-30,591.35,57.23,N7,north,30,N7-CON,CON
N7-CON-4-soil-60,309.44,27.99,N7,north,60,N7-CON,CON
N7-CON-5-soil-15,1096.49,88.35,N7,north,15,N7-CON,CON
N7-CON-5-soil-30,493.25,49.16,N7,north,30,N7-CON,CON
N7-CON-5-soil-60,329.48,29.91,N7,north,60,N7-CON,CON
N7-CON-6-soil-15,832.74,74.88,N7,north,15,N7-CON,CON
N7-CON-6-soil-30,513.19,53.09,N7,north,30,N7-CON,CON
N7-CON-6-soil-60,292.43,27.7,N7,north,60,N7-CON,CON
N7-CON-7-soil-15,1242.74,104.11,N7,north,15,N7-CON,CON
N7-CON-7-soil-30,545.89,53.95,N7,north,30,N7-CON,CON
N7-CON-7-soil-60,326.48,30.86,N7,north,60,N7-CON,CON
N7-CON-8-soil-15,1047.99,86.09,N7,north,15,N7-CON,CON
N7-CON-8-soil-30,657.46,65.67,N7,north,30,N7-CON,CON
N7-CON-8-soil-60,286.76,28.37,N7,north,60,N7-CON,CON
N7-CON-9-soil-15,1236.78,105.76,N7,north,15,N7-CON,CON
N7-CON-9-soil-30,541.42,53.95,N7,north,30,N7-CON,CON
S1-CO2-10-soil-15,2562.8,125.96,S1,south,15,S1-CO2,CO2
S1-CO2-10-soil-30,2807.96,104.13,S1,south,30,S1-CO2,CO2
S1-CO2-1-soil-15,773.08,55.02,S1,south,15,S1-CO2,CO2
S1-CO2-1-soil-30,496.24,34.88,S1,south,30,S1-CO2,CO2
S1-CO2-1-soil-60,326.14,20.56,S1,south,60,S1-CO2,CO2
S1-CO2-2-soil-15,390.43,29.22,S1,south,15,S1-CO2,CO2
S1-CO2-2-soil-30,312.3,24.98,S1,south,30,S1-CO2,CO2
S1-CO2-2-soil-90,656.17,45.32,S1,south,90,S1-CO2,CO2
S1-CO2-2-soil-90-D,285.77,18.86,S1,south,#NAME?,S1-CO2,CO2
S1-CO2-3-soil-15,1156.04,83.1,S1,south,15,S1-CO2,CO2
S1-CO2-3-soil-30,790.25,58.77,S1,south,30,S1-CO2,CO2
S1-CO2-3-soil-60,204.28,17.02,S1,south,60,S1-CO2,CO2
S1-CO2-3-soil-60-D,664.83,47.07,S1,south,#NAME?,S1-CO2,CO2
S1-CO2-4-soil-15,1085.07,80.54,S1,south,15,S1-CO2,CO2
S1-CO2-4-soil-15-D,1328.22,101.09,S1,south,#NAME?,S1-CO2,CO2
S1-CO2-4-soil-60,834.08,58.56,S1,south,60,S1-CO2,CO2
S1-CO2-5-soil-15,1133.13,84.47,S1,south,15,S1-CO2,CO2
S1-CO2-6-soil-120,503.02,35.45,S1,south,20,S1-CO2,CO2
S1-CO2-6-soil-15,954.22,71.68,S1,south,15,S1-CO2,CO2
S1-CO2-6-soil-30,783.72,59.7,S1,south,30,S1-CO2,CO2
S1-CO2-6-soil-60,651.35,50.36,S1,south,60,S1-CO2,CO2
S1-CO2-6-soil-90,465.6,31.93,S1,south,90,S1-CO2,CO2
S1-CO2-7-soil-15,873.39,65.12,S1,south,15,S1-CO2,CO2
S1-CO2-7-soil-30,689.75,52.72,S1,south,30,S1-CO2,CO2
S1-CO2-7-soil-60,583.04,44.46,S1,south,60,S1-CO2,CO2
S1-CO2-8-soil-15,626.57,49.88,S1,south,15,S1-CO2,CO2
S1-CO2-8-soil-30,302.95,24.74,S1,south,30,S1-CO2,CO2
S1-CO2-8-soil-60,349.15,27.24,S1,south,60,S1-CO2,CO2
S1-CO2-9-soil-15,3623.59,168.42,S1,south,15,S1-CO2,CO2
S1-CO2-9-soil-30,2476.92,98.55,S1,south,30,S1-CO2,CO2
S1-CO2-9-soil-60,700.94,69.72,S1,south,60,S1-CO2,CO2
S1-CON-10-soil-15,573.57,34.71,S1,south,15,S1-CON,CON
S1-CON-10-soil-30,205.91,13.32,S1,south,30,S1-CON,CON
S1-CON-10-soil-60,149.96,10.38,S1,south,60,S1-CON,CON
S1-CON-1-soil-15,730.12,42.72,S1,south,15,S1-CON,CON
S1-CON-1-soil-30,422.71,29.05,S1,south,30,S1-CON,CON
S1-CON-2-soil-15,611.24,43.94,S1,south,15,S1-CON,CON
S1-CON-2-soil-15-D,718.84,47.03,S1,south,#NAME?,S1-CON,CON
S1-CON-2-soil-30,421.63,29.41,S1,south,30,S1-CON,CON
S1-CON-2-soil-60,352.94,22.58,S1,south,60,S1-CON,CON
S1-CON-3-soil-15,547.4,37.76,S1,south,15,S1-CON,CON
S1-CON-3-soil-15-D,203.87,13.77,S1,south,#NAME?,S1-CON,CON
S1-CON-3-soil-30,259,16.32,S1,south,30,S1-CON,CON
S1-CON-3-soil-60,222.54,12.31,S1,south,60,S1-CON,CON
S1-CON-4-soil-15,459.41,43.23,S1,south,15,S1-CON,CON
S1-CON-4-soil-30,254.54,16.23,S1,south,30,S1-CON,CON
S1-CON-4-soil-60,154.11,11.09,S1,south,60,S1-CON,CON
S1-CON-5-soil-15,370.3,22.45,S1,south,15,S1-CON,CON
S1-CON-5-soil-30,197.2,12.93,S1,south,30,S1-CON,CON
S1-CON-6-soil-15,465.2,31.44,S1,south,15,S1-CON,CON
S1-CON-6-soil-30,223.68,14.89,S1,south,30,S1-CON,CON
S1-CON-6-soil-60,164.54,11.81,S1,south,60,S1-CON,CON
S1-CON-7-soil-15,473.38,29.53,S1,south,15,S1-CON,CON
S1-CON-7-soil-30,237.98,16.87,S1,south,30,S1-CON,CON
S1-CON-8-soil-15,440.26,29.68,S1,south,15,S1-CON,CON
S1-CON-8-soil-30,194.31,13.29,S1,south,30,S1-CON,CON
S1-CON-8-soil-60,130.61,9.4,S1,south,60,S1-CON,CON
S1-CON-9-soil-15,588.82,40.57,S1,south,15,S1-CON,CON
S1-CON-9-soil-30,323.82,21.75,S1,south,30,S1-CON,CON
S1-CON-9-soil-60,195.58,12.12,S1,south,60,S1-CON,CON
S3-CO2-10-soil-15,1296,102.91,S3,south,15,S3-CO2,CO2
S3-CO2-10-soil-30,641.47,50.96,S3,south,30,S3-CO2,CO2
S3-CO2-10-soil-60,342.1,26.91,S3,south,60,S3-CO2,CO2
S3-CO2-1-soil-15,885.61,48.39,S3,south,15,S3-CO2,CO2
S3-CO2-1-soil-30,415.29,24.99,S3,south,30,S3-CO2,CO2
S3-CO2-1-soil-60,190.89,11.43,S3,south,60,S3-CO2,CO2
S3-CO2-2-soil-15,988.98,83.89,S3,south,15,S3-CO2,CO2
S3-CO2-2-soil-30,771.97,63.88,S3,south,30,S3-CO2,CO2
S3-CO2-2-soil-60,788.67,65.93,S3,south,60,S3-CO2,CO2
S3-CO2-3-soil-15,1334.38,90.77,S3,south,15,S3-CO2,CO2
S3-CO2-3-soil-30,564.13,47.3,S3,south,30,S3-CO2,CO2
S3-CO2-3-soil-30-D,732.2,54.09,S3,south,#NAME?,S3-CO2,CO2
S3-CO2-3-soil-60,312.3,25.1,S3,south,60,S3-CO2,CO2
S3-CO2-3-soil-60-D,1080.67,92.37,S3,south,#NAME?,S3-CO2,CO2
S3-CO2-4-soil-15,800.61,69.2,S3,south,15,S3-CO2,CO2
S3-CO2-4-soil-30,531.95,44.36,S3,south,30,S3-CO2,CO2
S3-CO2-4-soil-60,492.34,39.47,S3,south,60,S3-CO2,CO2
S3-CO2-5-soil-15,880.95,75,S3,south,15,S3-CO2,CO2
S3-CO2-5-soil-30,638.28,52.25,S3,south,30,S3-CO2,CO2
S3-CO2-6-soil-15,1318.64,113.65,S3,south,15,S3-CO2,CO2
S3-CO2-6-soil-30,943.8,75.25,S3,south,30,S3-CO2,CO2
S3-CO2-6-soil-60,233.26,16.33,S3,south,60,S3-CO2,CO2
S3-CO2-7-soil-15,586.85,51.26,S3,south,15,S3-CO2,CO2
S3-CO2-7-soil-30,449.85,38.63,S3,south,30,S3-CO2,CO2
S3-CO2-8-soil-60,279.09,20.93,S3,south,60,S3-CO2,CO2
S3-CO2-9-soil-15,1402.61,117.88,S3,south,15,S3-CO2,CO2
S3-CO2-9-soil-30,522.49,34.66,S3,south,30,S3-CO2,CO2
S3-CO2-9-soil-30-D,530.96,48.65,S3,south,#NAME?,S3-CO2,CO2
S3-CO2-9-soil-60,465.17,38.88,S3,south,60,S3-CO2,CO2
S3-CON-10-soil-15,1708.09,131.95,S3,south,15,S3-CON,CON
S3-CON-10-soil-30,1143.9,96.24,S3,south,30,S3-CON,CON
S3-CON-10-soil-60,783,60.04,S3,south,60,S3-CON,CON
S3-CON-1-soil-60,916.74,62.83,S3,south,60,S3-CON,CON
S3-CON-2-soil-15,2112.86,163.12,S3,south,15,S3-CON,CON
S3-CON-2-soil-15-D,1061.1,91.67,S3,south,#NAME?,S3-CON,CON
S3-CON-2-soil-30,1125,92.46,S3,south,30,S3-CON,CON
S3-CON-2-soil-60,979.69,78.68,S3,south,60,S3-CON,CON
S3-CON-3-soil-15,961.79,87.9,S3,south,15,S3-CON,CON
S3-CON-3-soil-30,812.71,71.83,S3,south,30,S3-CON,CON
S3-CON-3-soil-30-D,825.77,76.02,S3,south,#NAME?,S3-CON,CON
S3-CON-3-soil-60,483.85,40.1,S3,south,60,S3-CON,CON
S3-CON-4-soil-15,1062.1,94.24,S3,south,15,S3-CON,CON
S3-CON-4-soil-30,791.51,71.97,S3,south,30,S3-CON,CON
S3-CON-4-soil-60,386.25,31.49,S3,south,60,S3-CON,CON
S3-CON-5-soil-30,994.84,86.08,S3,south,30,S3-CON,CON
S3-CON-5-soil-60,622.54,51.48,S3,south,60,S3-CON,CON
S3-CON-6-soil-15,1132.48,80.35,S3,south,15,S3-CON,CON
S3-CON-6-soil-30,707.14,57.88,S3,south,30,S3-CON,CON
S3-CON-7-soil-15,1245.62,104.09,S3,south,15,S3-CON,CON
S3-CON-7-soil-30,1067.27,84.79,S3,south,30,S3-CON,CON
S3-CON-7-soil-60,820.77,66.73,S3,south,60,S3-CON,CON
S3-CON-8-soil-15,1195.46,96.96,S3,south,15,S3-CON,CON
S3-CON-8-soil-30,631.42,48.26,S3,south,30,S3-CON,CON
S3-CON-9-soil-15,1269.52,103.03,S3,south,15,S3-CON,CON
S3-CON-9-soil-30,830.04,68.45,S3,south,30,S3-CON,CON
S3-CON-9-soil-60,586.6,41.57,S3,south,60,S3-CON,CON
S4-CO2-10-soil-30,442.48,32.38,S4,south,30,S4-CO2,CO2
S4-CO2-10-soil-60,1027.26,53.65,S4,south,60,S4-CO2,CO2
S4-CO2-10-soil-90,281.08,19.73,S4,south,90,S4-CO2,CO2
S4-CO2-1-soil-15,1012.42,72.03,S4,south,15,S4-CO2,CO2
S4-CO2-1-soil-30,334.98,26.62,S4,south,30,S4-CO2,CO2
S4-CO2-1-soil-90,228.83,14.13,S4,south,90,S4-CO2,CO2
S4-CO2-2-soil-15,882.01,73.11,S4,south,15,S4-CO2,CO2
S4-CO2-2-soil-30,380.3,29.62,S4,south,30,S4-CO2,CO2
S4-CO2-2-soil-60,394.52,27.39,S4,south,60,S4-CO2,CO2
S4-CO2-2-soil-90,230.47,15.83,S4,south,90,S4-CO2,CO2
S4-CO2-3-soil-15,898.67,73.67,S4,south,15,S4-CO2,CO2
S4-CO2-3-soil-30,540.84,45.67,S4,south,30,S4-CO2,CO2
S4-CO2-3-soil-60,400.1,28.6,S4,south,60,S4-CO2,CO2
S4-CO2-4-soil-15,1136.05,80.07,S4,south,15,S4-CO2,CO2
S4-CO2-4-soil-30,600.1,42.04,S4,south,30,S4-CO2,CO2
S4-CO2-4-soil-60,263.76,16.91,S4,south,60,S4-CO2,CO2
S4-CO2-4-soil-90,868.13,58.42,S4,south,90,S4-CO2,CO2
S4-CO2-4-soil-90-D,241.88,14.37,S4,south,#NAME?,S4-CO2,CO2
S4-CO2-5-soil-15,700.94,47.3,S4,south,15,S4-CO2,CO2
S4-CO2-5-soil-30,383.13,30.63,S4,south,30,S4-CO2,CO2
S4-CO2-5-soil-60,261.06,17.31,S4,south,60,S4-CO2,CO2
S4-CO2-6-soil-15,1574.8,86.7,S4,south,15,S4-CO2,CO2
S4-CO2-6-soil-30,546.73,37.69,S4,south,30,S4-CO2,CO2
S4-CO2-6-soil-60,323.05,21.41,S4,south,60,S4-CO2,CO2
S4-CO2-7-soil-15,1439.39,90.05,S4,south,15,S4-CO2,CO2
S4-CO2-7-soil-30,797.45,55.29,S4,south,30,S4-CO2,CO2
S4-CO2-7-soil-60,306.2,18.59,S4,south,60,S4-CO2,CO2
S4-CO2-7-soil-90,516.3,29.93,S4,south,90,S4-CO2,CO2
S4-CO2-8-soil-15,1149.25,83.08,S4,south,15,S4-CO2,CO2
S4-CO2-8-soil-15-D1,325.85,24.2,S4,south,D1,S4-CO2,CO2
S4-CO2-8-soil-15-D2,1101.41,78.81,S4,south,D2,S4-CO2,CO2
S4-CO2-8-soil-30,846.41,55.45,S4,south,30,S4-CO2,CO2
S4-CO2-8-soil-60,543.92,33.46,S4,south,60,S4-CO2,CO2
S4-CO2-8-soil-90,207.99,13.86,S4,south,90,S4-CO2,CO2
S4-CO2-9-soil-15,962.93,70.23,S4,south,15,S4-CO2,CO2
S4-CO2-9-soil-30,2026.88,141.45,S4,south,30,S4-CO2,CO2
S4-CO2-9-soil-60,222.22,16.29,S4,south,60,S4-CO2,CO2
S4-CO2-9-soil-90,481.97,30.01,S4,south,90,S4-CO2,CO2
S4-CON-10-soil-30,776.31,52.89,S4,south,30,S4-CON,CON
S4-CON-10-soil-60,819.35,49.59,S4,south,60,S4-CON,CON
S4-CON-1-soil-15,1233.84,83.67,S4,south,15,S4-CON,CON
S4-CON-1-soil-15-D,1391.05,90.37,S4,south,#NAME?,S4-CON,CON
S4-CON-1-soil-30,801.38,44.7,S4,south,30,S4-CON,CON
S4-CON-1-soil-60,1368.69,70.85,S4,south,60,S4-CON,CON
S4-CON-2-soil,557.04,21.4,S4,south,il,S4-CON,CON
S4-CON-2-soil-15,1292.33,85.53,S4,south,15,S4-CON,CON
S4-CON-2-soil-30,696.63,37.56,S4,south,30,S4-CON,CON
S4-CON-3-soil-15,1260.42,82.86,S4,south,15,S4-CON,CON
S4-CON-3-soil-30,226.17,11.26,S4,south,30,S4-CON,CON
S4-CON-3-soil-60,371.35,18.99,S4,south,60,S4-CON,CON
S4-CON-3-soil-90,349.15,17.13,S4,south,90,S4-CON,CON
S4-CON-4-soil-15,915.31,83.84,S4,south,15,S4-CON,CON
S4-CON-4-soil-30,388.79,18.21,S4,south,30,S4-CON,CON
S4-CON-4-soil-60,154.88,8.74,S4,south,60,S4-CON,CON
S4-CON-5-soil-15,1068.32,67.94,S4,south,15,S4-CON,CON
S4-CON-5-soil-30,332.15,16.34,S4,south,30,S4-CON,CON
S4-CON-5-soil-60,314.76,14.47,S4,south,60,S4-CON,CON
S4-CON-6-soil-30,1059.07,71.41,S4,south,30,S4-CON,CON
S4-CON-6-soil-30-D,800.53,42.94,S4,south,#NAME?,S4-CON,CON
S4-CON-6-soil-60,241.39,15.24,S4,south,60,S4-CON,CON
S4-CON-7-soil-15,1049.33,70.83,S4,south,15,S4-CON,CON
S4-CON-7-soil-30,837.3,52.46,S4,south,30,S4-CON,CON
S4-CON-7-soil-60,868.13,45.94,S4,south,60,S4-CON,CON
S4-CON-8-soil-15,1178.08,77.9,S4,south,15,S4-CON,CON
S4-CON-8-soil-30,873.68,54.53,S4,south,30,S4-CON,CON
S4-CON-8-soil-60,301.1,19.08,S4,south,60,S4-CON,CON
S4-CON-9-soil-15,1138.9,77.06,S4,south,15,S4-CON,CON
S4-CON-9-soil-60,1088.32,53.36,S4,south,60,S4-CON,CON
S5-CO2-10-soil-15,780.21,51.82,S5,south,15,S5-CO2,CO2
S5-CO2-10-soil-30,585.96,37.7,S5,south,30,S5-CO2,CO2
S5-CO2-10-soil-40,610.29,41.85,S5,south,40,S5-CO2,CO2
S5-CO2-1-soil-15,816.51,55.14,S5,south,15,S5-CO2,CO2
S5-CO2-1-soil-30,604.26,37.2,S5,south,30,S5-CO2,CO2
S5-CO2-2-soil-15,610.33,41.83,S5,south,15,S5-CO2,CO2
S5-CO2-2-soil-30,625.9,36.12,S5,south,30,S5-CO2,CO2
S5-CO2-2-soil-60,477.76,28.85,S5,south,60,S5-CO2,CO2
S5-CO2-2-soil-90,143.83,8.37,S5,south,90,S5-CO2,CO2
S5-CO2-3-soil-120,377.62,23.02,S5,south,20,S5-CO2,CO2
S5-CO2-3-soil-15,738.93,54.07,S5,south,15,S5-CO2,CO2
S5-CO2-3-soil-30,499.94,33.74,S5,south,30,S5-CO2,CO2
S5-CO2-3-soil-60,470.69,46.62,S5,south,60,S5-CO2,CO2
S5-CO2-3-soil-60-D,220.66,14.77,S5,south,#NAME?,S5-CO2,CO2
S5-CO2-3-soil-90,352.77,23.42,S5,south,90,S5-CO2,CO2
S5-CO2-4-soil-15,674.19,46.19,S5,south,15,S5-CO2,CO2
S5-CO2-4-soil-30,605.32,34.33,S5,south,30,S5-CO2,CO2
S5-CO2-4-soil-60,625.61,35.62,S5,south,60,S5-CO2,CO2
S5-CO2-5-soil-15,829.08,65.72,S5,south,15,S5-CO2,CO2
S5-CO2-5-soil-30,770.65,59.65,S5,south,30,S5-CO2,CO2
S5-CO2-5-soil-90,890.43,68.7,S5,south,90,S5-CO2,CO2
S5-CO2-6-soil-15,752.91,49.56,S5,south,15,S5-CO2,CO2
S5-CO2-6-soil-60,466.85,20.97,S5,south,60,S5-CO2,CO2
S5-CO2-7-soil-15,947.34,63.43,S5,south,15,S5-CO2,CO2
S5-CO2-7-soil-30,628.97,40.84,S5,south,30,S5-CO2,CO2
S5-CO2-7-soil-30-D,490.05,28.97,S5,south,#NAME?,S5-CO2,CO2
S5-CO2-7-soil-60,823,55.2,S5,south,60,S5-CO2,CO2
S5-CO2-8-soil-15,617.71,41.65,S5,south,15,S5-CO2,CO2
S5-CO2-8-soil-30,467.66,26.51,S5,south,30,S5-CO2,CO2
S5-CO2-8-soil-60,409.09,24.67,S5,south,60,S5-CO2,CO2
S5-CO2-9-soil-15,926.26,66.55,S5,south,15,S5-CO2,CO2
S5-CO2-9-soil-40,632.05,43.08,S5,south,40,S5-CO2,CO2
S5-CON-10-soil-15,895.69,64.95,S5,south,15,S5-CON,CON
S5-CON-10-soil-60,718.27,51.72,S5,south,60,S5-CON,CON
S5-CON-1-soil-15,714.24,54.95,S5,south,15,S5-CON,CON
S5-CON-1-soil-30,734.69,54.19,S5,south,30,S5-CON,CON
S5-CON-1-soil-60,548.72,37.69,S5,south,60,S5-CON,CON
S5-CON-2-soil-15,1028.09,74.55,S5,south,15,S5-CON,CON
S5-CON-2-soil-15-D,924.75,64.72,S5,south,#NAME?,S5-CON,CON
S5-CON-2-soil-30,727.37,50.08,S5,south,30,S5-CON,CON
S5-CON-2-soil-60,594.16,41.51,S5,south,60,S5-CON,CON
S5-CON-3-soil-15,801.16,58.03,S5,south,15,S5-CON,CON
S5-CON-3-soil-30,487.24,34.32,S5,south,30,S5-CON,CON
S5-CON-3-soil-60,507.98,35.89,S5,south,60,S5-CON,CON
S5-CON-4-soil-15,1041.39,75.76,S5,south,15,S5-CON,CON
S5-CON-4-soil-30,781.85,55.16,S5,south,30,S5-CON,CON
S5-CON-4-soil-60,640.61,43.78,S5,south,60,S5-CON,CON
S5-CON-5-soil-15,926.39,68.59,S5,south,15,S5-CON,CON
S5-CON-5-soil-30,834.78,60.68,S5,south,30,S5-CON,CON
S5-CON-5-soil-60,987.72,71.64,S5,south,60,S5-CON,CON
S5-CON-6-soil-15,1321.28,93.71,S5,south,15,S5-CON,CON
S5-CON-6-soil-30,1135.74,75.35,S5,south,30,S5-CON,CON
S5-CON-6-soil-60,951.16,61.06,S5,south,60,S5-CON,CON
S5-CON-7-soil-30,840.44,62.51,S5,south,30,S5-CON,CON
S5-CON-7-soil-30-D,714.76,46.18,S5,south,#NAME?,S5-CON,CON
S5-CON-7-soil-60,650.97,41.42,S5,south,60,S5-CON,CON
S5-CON-8-soil-15,1045.38,72.88,S5,south,15,S5-CON,CON
S5-CON-8-soil-30,1071.81,67.23,S5,south,30,S5-CON,CON
S5-CON-8-Soil-60,521.6,30.93,S5,south,60,S5-CON,CON
S5-CON-9-soil-15,783.67,59.23,S5,south,15,S5-CON,CON
S5-CON-9-soil-60,527.75,39.01,S5,south,60,S5-CON,CON
S5-CON-9-soil-60-D,352.25,24.46,S5,south,#NAME?,S5-CON,CON
S6-CO2-10-soil-15,903.2,90.89,S6,south,15,S6-CO2,CO2
S6-CO2-10-soil-30,712.84,68.99,S6,south,30,S6-CO2,CO2
S6-CO2-1-soil-15,879.88,77.89,S6,south,15,S6-CO2,CO2
S6-CO2-1-soil-30,496.06,47.13,S6,south,30,S6-CO2,CO2
S6-CO2-1-soil-60,406.09,37.73,S6,south,60,S6-CO2,CO2
S6-CO2-2-soil-15,1115.18,94.98,S6,south,15,S6-CO2,CO2
S6-CO2-2-soil-30,731.67,70.85,S6,south,30,S6-CO2,CO2
S6-CO2-2-soil-60,410.3,37.79,S6,south,60,S6-CO2,CO2
S6-CO2-3-soil-15,1051.31,101.9,S6,south,15,S6-CO2,CO2
S6-CO2-3-soil-30,626.32,62.33,S6,south,30,S6-CO2,CO2
S6-CO2-4-soil-15,1079.44,99.27,S6,south,15,S6-CO2,CO2
S6-CO2-4-soil-30,611.32,60.68,S6,south,30,S6-CO2,CO2
S6-CO2-4-soil-60,529.85,50.23,S6,south,60,S6-CO2,CO2
S6-CO2-5-soil-15,1175.74,103.78,S6,south,15,S6-CO2,CO2
S6-CO2-5-soil-30,727.34,65.91,S6,south,30,S6-CO2,CO2
S6-CO2-5-soil-60,695.34,48.14,S6,south,60,S6-CO2,CO2
S6-CO2-6-soil-15,1048.27,88.58,S6,south,15,S6-CO2,CO2
S6-CO2-6-soil-30,793.03,68.59,S6,south,30,S6-CO2,CO2
S6-CO2-6-soil-60,559.41,43.84,S6,south,60,S6-CO2,CO2
S6-CO2-7-soil-15,1027.7,89.43,S6,south,15,S6-CO2,CO2
S6-CO2-7-soil-30,829.21,71.41,S6,south,30,S6-CO2,CO2
S6-CO2-8-soil-15,1070.1,83.28,S6,south,15,S6-CO2,CO2
S6-CO2-8-soil-30,524.22,43.91,S6,south,30,S6-CO2,CO2
S6-CO2-9-soil-15,628.15,52.1,S6,south,15,S6-CO2,CO2
S6-CO2-9-soil-30,602.91,54.47,S6,south,30,S6-CO2,CO2
S6-CON-10-soil-15,851.46,73.67,S6,south,15,S6-CON,CON
S6-CON-10-soil-30,706.12,59.57,S6,south,30,S6-CON,CON
S6-CON-1-soil-15,928.22,82.52,S6,south,15,S6-CON,CON
S6-CON-1-soil-30,732.81,64.77,S6,south,30,S6-CON,CON
S6-CON-2-soil-15,1050.84,83.86,S6,south,15,S6-CON,CON
S6-CON-2-soil-30,873.08,73.05,S6,south,30,S6-CON,CON
S6-CON-3-soil-15,796.24,65.96,S6,south,15,S6-CON,CON
S6-CON-3-soil-30,689.75,56.62,S6,south,30,S6-CON,CON
S6-CON-3-soil-60,627.1,49.46,S6,south,60,S6-CON,CON
S6-CON-4-soil-15,1028,88.65,S6,south,15,S6-CON,CON
S6-CON-4-soil-30,717.7,61.25,S6,south,30,S6-CON,CON
S6-CON-5-soil-15,916.55,79.42,S6,south,15,S6-CON,CON
S6-CON-5-soil-30,581.79,48.94,S6,south,30,S6-CON,CON
S6-CON-6-soil-15,906.08,77.79,S6,south,15,S6-CON,CON
S6-CON-6-soil-30,657.99,57.02,S6,south,30,S6-CON,CON
S6-CON-7-soil-15,906.38,79.7,S6,south,15,S6-CON,CON
S6-CON-7-soil-30,723.29,61.25,S6,south,30,S6-CON,CON
S6-CON-8-soil-15,990.05,91.18,S6,south,15,S6-CON,CON
S6-CON-8-soil-30,419.88,38.14,S6,south,30,S6-CON,CON
S6-CON-9-soil-15,842.67,75.16,S6,south,15,S6-CON,CON
S6-CON-9-soil-30,747.46,65.09,S6,south,30,S6-CON,CON
