sample_id,total_c_ug,total_n_ug,delta_c13,delta_n15,site_treatment,zone,soil_depth,treatment,site_id
N1-CO2-10-soil-15,1346.9,101.92,-29.49,2.12,N1-CO2,North,15,CO2,N1
N1-CO2-10-soil-15-D,1383.44,104.48,-29.74,2.22,N1-CO2,North,-D,CO2,N1
N1-CO2-10-soil-30,901.44,82.15,-28.41,4.13,N1-CO2,North,30,CO2,N1
N1-CO2-10-soil-60,602.91,54.36,-27.68,4.64,N1-CO2,North,60,CO2,N1
N1-CO2-1-soil-15,1297.79,112.8,-29.41,2.54,N1-CO2,North,15,CO2,N1
N1-CO2-1-soil-30,1055,94.85,-28.87,3.22,N1-CO2,North,30,CO2,N1
N1-CO2-1-soil-60,405.01,33.64,-26.96,4.28,N1-CO2,North,60,CO2,N1
N1-CO2-2-soil-15,1273.17,114.46,-28.95,2.94,N1-CO2,North,15,CO2,N1
N1-CO2-2-soil-30,541.1,48.88,-27.25,4.81,N1-CO2,North,30,CO2,N1
N1-CO2-2-soil-30-D,1357.81,117.92,-29.21,2.9,N1-CO2,North,-D,CO2,N1
N1-CO2-3-soil-15,1349.63,125.64,-29.11,3.39,N1-CO2,North,15,CO2,N1
N1-CO2-3-soil-30,1072.85,102.48,-28.45,4.28,N1-CO2,North,30,CO2,N1
N1-CO2-3-soil-60,268.29,24.7,-26.77,5.05,N1-CO2,North,60,CO2,N1
N1-CO2-4-soil-15,1061.83,96.83,-28.88,3.46,N1-CO2,North,15,CO2,N1
N1-CO2-4-soil-30,1050.58,98.84,-28.7,3.62,N1-CO2,North,30,CO2,N1
N1-CO2-5-soil-15,1223.59,114.4,-29.1,3.75,N1-CO2,North,15,CO2,N1
N1-CO2-5-soil-30,707.35,67.42,-28.05,4.62,N1-CO2,North,30,CO2,N1
N1-CO2-6-soil-15,1083.87,108.69,-28.87,3.7,N1-CO2,North,15,CO2,N1
N1-CO2-6-soil-30,751.84,72.78,-28.08,4.42,N1-CO2,North,30,CO2,N1
N1-CO2-7-soil-15,1089.85,101.13,-28.58,3.86,N1-CO2,North,15,CO2,N1
N1-CO2-7-soil-30,737.74,72.75,-27.37,4.9,N1-CO2,North,30,CO2,N1
N1-CO2-7-soil-60,594.88,55.03,-27.15,5.3,N1-CO2,North,60,CO2,N1
N1-CO2-8-soil-15,410.7,34.68,-28.18,4.21,N1-CO2,North,15,CO2,N1
N1-CO2-8-soil-15-D,1165.02,107.63,-28.82,3.59,N1-CO2,North,-D,CO2,N1
N1-CO2-8-soil-30,745.63,69.72,-27.68,5.02,N1-CO2,North,30,CO2,N1
N1-CO2-8-soil-60,503.74,45.69,-26.69,5.41,N1-CO2,North,60,CO2,N1
N1-CO2-9-soil-15,860.55,83.94,-28.62,4.25,N1-CO2,North,15,CO2,N1
N1-CO2-9-soil-30,672.21,63.46,-27.93,4.77,N1-CO2,North,30,CO2,N1
N1-CO2-9-soil-60,391.38,35.48,-27.1,4.79,N1-CO2,North,60,CO2,N1
N1-CON-10-soil-15,1817.63,156.11,-29.15,3.78,N1-CON,North,15,CON,N1
N1-CON-10-soil-30,357.65,34.13,-26.66,5.4,N1-CON,North,30,CON,N1
N1-CON-10-soil-60,664.57,64.07,-26.28,6.32,N1-CON,North,60,CON,N1
N1-CON-1-soil-15,1389.42,121.5,-28.98,3.55,N1-CON,North,15,CON,N1
N1-CON-1-soil-30,769.62,76.26,-27.63,5.06,N1-CON,North,30,CON,N1
N1-CON-1-soil-60,609.88,59.31,-26.42,6.49,N1-CON,North,60,CON,N1
N1-CON-2-soil-15,1199.63,118.06,-28.77,3.99,N1-CON,North,15,CON,N1
N1-CON-2-soil-30,1050.8,106.43,-27.36,5.06,N1-CON,North,30,CON,N1
N1-CON-2-soil-60,582.07,60.05,-25.9,6.14,N1-CON,North,60,CON,N1
N1-CON-4-soil-15,1451.83,142.76,-28.92,4.21,N1-CON,North,15,CON,N1
N1-CON-4-soil-30,794.18,77.92,-27.35,5.76,N1-CON,North,30,CON,N1
N1-CON-4-soil-60,561.28,57.5,-25.61,6.5,N1-CON,North,60,CON,N1
N1-CON-5-soil-15,1476.24,132.1,-28.68,3.89,N1-CON,North,15,CON,N1
N1-CON-5-soil-30,915.31,86.66,-27.15,5.25,N1-CON,North,30,CON,N1
N1-CON-5-soil-60,1196.54,103.04,-29.74,1.94,N1-CON,North,60,CON,N1
N1-CON-6-soil-15,1229.43,116.04,-29.13,4.54,N1-CON,North,15,CON,N1
N1-CON-6-soil-30,667.37,67.46,-27.02,5.92,N1-CON,North,30,CON,N1
N1-CON-6-soil-60,424.1,44.93,-25.32,6.91,N1-CON,North,60,CON,N1
N1-CON-7-soil-15,1380.57,138.15,-28.77,4.34,N1-CON,North,15,CON,N1
N1-CON-7-soil-30,1030.4,100.23,-27.29,5.51,N1-CON,North,30,CON,N1
N1-CON-7-soil-60,475.91,48.09,-25.94,6.62,N1-CON,North,60,CON,N1
N1-CON-8-soil-15,1103.51,110.95,-28.81,4.39,N1-CON,North,15,CON,N1
N1-CON-8-soil-30,980.31,96.92,-28.46,4.84,N1-CON,North,30,CON,N1
N1-CON-8-soil-60,467.46,45.93,-25.87,6.62,N1-CON,North,60,CON,N1
N1-CON-9-soil-15,1159.05,109.96,-28.61,4.2,N1-CON,North,15,CON,N1
N1-CON-9-soil-30,821.06,84.55,-27.07,5.79,N1-CON,North,30,CON,N1
N1-CON-9-soil-60,417.83,42.96,-25.68,6.77,N1-CON,North,60,CON,N1
N2-CO2-10-soil-15,766.69,60.25,-28.81,3.5,N2-CO2,North,15,CO2,N2
N2-CO2-10-soil-30,521.41,48.26,-27.8,4.71,N2-CO2,North,30,CO2,N2
N2-CO2-1-soil-15,1283.63,115.52,-28.57,4.41,N2-CO2,North,15,CO2,N2
N2-CO2-1-soil-30,1191.06,114.34,-28.05,4.86,N2-CO2,North,30,CO2,N2
N2-CO2-1-soil-60,644.99,67.44,-25.9,7.34,N2-CO2,North,60,CO2,N2
N2-CO2-2-soil-15,1244.32,100.28,-28.02,4.49,N2-CO2,North,15,CO2,N2
N2-CO2-2-soil-30,1071.02,89.99,-27.46,5.63,N2-CO2,North,30,CO2,N2
N2-CO2-2-soil-60,555.16,52.72,-26.17,7.02,N2-CO2,North,60,CO2,N2
N2-CO2-3-soil-15,1704.06,150.49,-28.86,3.95,N2-CO2,North,15,CO2,N2
N2-CO2-3-soil-30,904.21,85.53,-27.85,4.94,N2-CO2,North,30,CO2,N2
N2-CO2-3-soil-60,507.46,51.3,-26.12,6.5,N2-CO2,North,60,CO2,N2
N2-CO2-4-soil-15,1229.43,105.3,-28.33,4.38,N2-CO2,North,15,CO2,N2
N2-CO2-4-soil-30,920.85,84.41,-27.63,5.29,N2-CO2,North,30,CO2,N2
N2-CO2-4-soil-60,490.43,48.54,-26.35,6.89,N2-CO2,North,60,CO2,N2
N2-CO2-5-soil-15,912.27,81.55,-27.99,4.51,N2-CO2,North,15,CO2,N2
N2-CO2-5-soil-30,806.95,74.8,-27.29,5.59,N2-CO2,North,30,CO2,N2
N2-CO2-5-soil-60,492.03,50.64,-25.74,6.82,N2-CO2,North,60,CO2,N2
N2-CO2-6-soil-15,1110.42,92.54,-28.52,3.95,N2-CO2,North,15,CO2,N2
N2-CO2-6-soil-30,799.65,77.05,-27.13,5.66,N2-CO2,North,30,CO2,N2
N2-CO2-6-soil-60,818.08,7.25,2.06,-1.63,N2-CO2,North,60,CO2,N2
N2-CO2-7-soil-15,1313.32,111.92,-28.23,3.97,N2-CO2,North,15,CO2,N2
N2-CO2-7-soil-30,996.04,92.12,-27.47,5.64,N2-CO2,North,30,CO2,N2
N2-CO2-7-soil-60,560.78,56.39,-25.96,7.18,N2-CO2,North,60,CO2,N2
N2-CO2-8-soil-30,525.66,51.78,-27.03,5.47,N2-CO2,North,30,CO2,N2
N2-CO2-8-soil-60,310.31,32.83,-26.1,6.39,N2-CO2,North,60,CO2,N2
N2-CO2-9-soil-15,923.62,86.66,-28.9,3.59,N2-CO2,North,15,CO2,N2
N2-CO2-9-soil-30,787.45,74.8,-28,4.88,N2-CO2,North,30,CO2,N2
N2-CO2-9-soil-60,1136.15,108.13,-28.22,4.81,N2-CO2,North,60,CO2,N2
N2-CON-10-soil-15,1117.37,105.79,-27.79,4.2,N2-CON,North,15,CON,N2
N2-CON-10-soil-30,881.47,83.63,-27.13,5.18,N2-CON,North,30,CON,N2
N2-CON-10-soil-60,497.82,52.41,-25.82,6.21,N2-CON,North,60,CON,N2
N2-CON-1-soil-15,1097.16,107.51,-28.3,4.54,N2-CON,North,15,CON,N2
N2-CON-1-soil-60,332.15,32.38,-25.22,6.75,N2-CON,North,60,CON,N2
N2-CON-2-soil-15,633.76,61.25,-26.98,5.18,N2-CON,North,15,CON,N2
N2-CON-2-soil-30,528.11,52.28,-26.02,6.66,N2-CON,North,30,CON,N2
N2-CON-2-soil-60,728.88,61.81,-28.78,2.79,N2-CON,North,60,CON,N2
N2-CON-3-soil-15,1184,111.97,-28.41,3.92,N2-CON,North,15,CON,N2
N2-CON-3-soil-60,631.33,63.84,-26.4,6.1,N2-CON,North,60,CON,N2
N2-CON-4-soil-15,962.4,96.83,-27.94,4.59,N2-CON,North,15,CON,N2
N2-CON-4-soil-30,552.87,56.38,-26.02,6.73,N2-CON,North,30,CON,N2
N2-CON-4-soil-60,543.25,54.31,-26.27,6.49,N2-CON,North,60,CON,N2
N2-CON-5-soil-15,913.78,91.67,-28.17,4.29,N2-CON,North,15,CON,N2
N2-CON-5-soil-30,857.93,87.53,-26.82,5.99,N2-CON,North,30,CON,N2
N2-CON-5-soil-60,411.72,37.19,-25.19,5.9,N2-CON,North,60,CON,N2
N2-CON-6-soil-15,889.69,90.64,-28.2,4.13,N2-CON,North,15,CON,N2
N2-CON-6-soil-30,762.37,79.89,-27.18,5.48,N2-CON,North,30,CON,N2
N2-CON-6-soil-60,430.32,43.13,-25.3,6.57,N2-CON,North,60,CON,N2
N2-CON-7-soil-15,1538.84,122.76,-28.54,2.5,N2-CON,North,15,CON,N2
N2-CON-7-soil-30,843.12,80.45,-27.04,5.52,N2-CON,North,30,CON,N2
N2-CON-7-soil-60,607.15,60.95,-25.94,6.57,N2-CON,North,60,CON,N2
N2-CON-8-soil-15,269.15,24.09,-27.49,4.27,N2-CON,North,15,CON,N2
N2-CON-8-soil-30,793.03,77.06,-26.94,5.45,N2-CON,North,30,CON,N2
N2-CON-8-soil-60,591.63,59.3,-25.93,5.72,N2-CON,North,60,CON,N2
N2-CON-9-soil-15,1100.31,102.34,-28.17,4.04,N2-CON,North,15,CON,N2
N2-CON-9-soil-30,702.25,68.15,-27.1,5.6,N2-CON,North,30,CON,N2
N2-CON-9-soil-60,450.17,46.04,-25.82,6.55,N2-CON,North,60,CON,N2
N3-CO2-10-soil-15,820,74.92,-28.35,4.74,N3-CO2,North,15,CO2,N3
N3-CO2-10-soil-30,647.77,68.02,-28.25,5.21,N3-CO2,North,30,CO2,N3
N3-CO2-1-soil-15,1338.72,65.77,-9.06,4.44,N3-CO2,North,15,CO2,N3
N3-CO2-1-soil-30,591.68,22.05,-5.27,4.54,N3-CO2,North,30,CO2,N3
N3-CO2-1-soil-60,1028.31,8.57,2.79,1.68,N3-CO2,North,60,CO2,N3
N3-CO2-2-soil-15,1536.73,59.01,-13.94,1.43,N3-CO2,North,15,CO2,N3
N3-CO2-2-soil-30,1048.04,39.44,-8.16,2.85,N3-CO2,North,30,CO2,N3
N3-CO2-2-soil-60,915.72,15.72,-0.95,2.84,N3-CO2,North,60,CO2,N3
N3-CO2-3-soil-30,515.78,53.85,-28.42,5.43,N3-CO2,North,30,CO2,N3
N3-CO2-3-soil-35,1262.91,127.07,-29.04,4.05,N3-CO2,North,35,CO2,N3
N3-CO2-4-soil-15,1863.35,144.66,-27.19,3.67,N3-CO2,North,15,CO2,N3
N3-CO2-4-soil-60,261.54,25.65,-24.45,5.42,N3-CO2,North,60,CO2,N3
N3-CO2-5-soil-15,1523.14,121.43,-29.41,3.5,N3-CO2,North,15,CO2,N3
N3-CO2-5-soil-30,1143.98,88.62,-25.89,3.66,N3-CO2,North,30,CO2,N3
N3-CO2-5-soil-60,863.37,68.1,-25,4.54,N3-CO2,North,60,CO2,N3
N3-CO2-6-soil-15,1352.45,96.73,-29.21,4.26,N3-CO2,North,15,CO2,N3
N3-CO2-6-soil-30,445.36,43.53,-27.85,5.86,N3-CO2,North,30,CO2,N3
N3-CO2-6-soil-60,289.59,28.49,-27.49,5.98,N3-CO2,North,60,CO2,N3
N3-CO2-7-soil-15,1435.79,23.75,-0.65,3.47,N3-CO2,North,15,CO2,N3
N3-CO2-7-soil-30,1278.67,10.3,3.37,3.63,N3-CO2,North,30,CO2,N3
N3-CO2-8-soil-15,1398.63,47.69,-5.05,4.19,N3-CO2,North,15,CO2,N3
N3-CO2-8-soil-30,1363.25,61.26,-4.96,6.2,N3-CO2,North,30,CO2,N3
N3-CO2-8-soil-60,1321.22,5.06,5.22,1.92,N3-CO2,North,60,CO2,N3
N3-CO2-9-soil-15,851.46,79.89,-28.68,4.57,N3-CO2,North,15,CO2,N3
N3-CO2-9-soil-30,560.78,59.55,-27.76,6.03,N3-CO2,North,30,CO2,N3
N3-CO2-9-soil-60,1207.51,3.92,5.58,1.55,N3-CO2,North,60,CO2,N3
N3-CO2-soil-60,154.39,11.54,-27.45,3.74,N3-CO2,North,60,CO2,N3
N3-CON-10-soil-15,2953.38,232.59,-29,1.54,N3-CON,North,15,CON,N3
N3-CON-10-soil-30,1219.53,90.16,-28.56,1.43,N3-CON,North,30,CON,N3
N3-CON-10-soil-60,601.59,38.53,-28.38,1,N3-CON,North,60,CON,N3
N3-CON-1-soil-15,2084.63,165.83,-29.82,1.93,N3-CON,North,15,CON,N3
N3-CON-1-soil-60,1493.64,92.88,-28.14,4.79,N3-CON,North,60,CON,N3
N3-CON-2-soil-15,2281.81,178.15,-27.95,2.27,N3-CON,North,15,CON,N3
N3-CON-2-soil-30,877.68,81.87,-27.72,3.08,N3-CON,North,30,CON,N3
N3-CON-2-soil-60,239.13,19.88,-27.24,2.39,N3-CON,North,60,CON,N3
N3-CON-3-soil-15,2596.2,204.51,-29.03,1.66,N3-CON,North,15,CON,N3
N3-CON-3-soil-30,771.4,70.27,-28.57,2.76,N3-CON,North,30,CON,N3
N3-CON-3-soil-60,133.25,13.16,-28.15,2.37,N3-CON,North,60,CON,N3
N3-CON-4-soil-15,3567.81,275.32,-27.7,1.85,N3-CON,North,15,CON,N3
N3-CON-4-soil-30,1165.57,108.12,-27.97,3.8,N3-CON,North,30,CON,N3
N3-CON-4-soil-60,172.95,16.45,-27.46,3.19,N3-CON,North,60,CON,N3
N3-CON-5-soil-15,2737.31,214.76,-29.36,1.54,N3-CON,North,15,CON,N3
N3-CON-5-soil-15-D,557.41,52.13,-28.18,2.59,N3-CON,North,-D,CON,N3
N3-CON-5-soil-60,98.74,10.51,-28.13,2.74,N3-CON,North,60,CON,N3
N3-CON-6-soil-15,1588.29,142.02,-29.33,3.32,N3-CON,North,15,CON,N3
N3-CON-6-soil-30,324.88,28.79,-28.49,3.07,N3-CON,North,30,CON,N3
N3-CON-7-soil-15,1341.45,122.25,-29.68,2.73,N3-CON,North,15,CON,N3
N3-CON-7-soil-15-D,105.1,11.08,-28.63,2.63,N3-CON,North,-D,CON,N3
N3-CON-7-soil-30,461.06,45.3,-28.29,4.68,N3-CON,North,30,CON,N3
N3-CON-8-soil-15,3026.04,238.96,-29.63,2.34,N3-CON,North,15,CON,N3
N3-CON-8-soil-30,380.32,39.25,-27.96,4.42,N3-CON,North,30,CON,N3
N3-CON-8-soil-60,111.38,10.58,-28.46,2.25,N3-CON,North,60,CON,N3
N3-CON-8-soil-60-D,156.97,14.6,-27.97,3.09,N3-CON,North,-D,CON,N3
N3-CON-9-soil-15,2440.86,204.56,-29.29,2.74,N3-CON,North,15,CON,N3
N3-CON-9-soil-30,106.7,10.19,-28.18,3.99,N3-CON,North,30,CON,N3
N3-CON-9-soil-60,138.1,12.34,-28.02,9.78,N3-CON,North,60,CON,N3
N4-CO2-10-soil-15,1470.48,42.41,-5.57,0.51,N4-CO2,North,15,CO2,N4
N4-CO2-10-soil-30,862.13,9.13,2.67,1.84,N4-CO2,North,30,CO2,N4
N4-CO2-10-soil-60,834.78,75.93,-28.21,4.57,N4-CO2,North,60,CO2,N4
N4-CO2-1-soil-15,1912.86,86.32,-13.15,1.8,N4-CO2,North,15,CO2,N4
N4-CO2-1-soil-30,1268.9,15.82,0.21,2.48,N4-CO2,North,30,CO2,N4
N4-CO2-1-soil-60,119.18,10.4,-23.01,6.28,N4-CO2,North,60,CO2,N4
N4-CO2-2-soil-15,1466.53,31.31,-3.63,0.84,N4-CO2,North,15,CO2,N4
N4-CO2-2-soil-30,1296.9,17.69,-0.3,1.9,N4-CO2,North,30,CO2,N4
N4-CO2-2-soil-60,84.48,9.99,-25.24,3.98,N4-CO2,North,60,CO2,N4
N4-CO2-3-soil-15,1741.39,79.6,-11.84,1.74,N4-CO2,North,15,CO2,N4
N4-CO2-3-soil-30,742.84,23.12,-5.38,3.43,N4-CO2,North,30,CO2,N4
N4-CO2-3-soil-60,72.37,3.76,-20.13,1.82,N4-CO2,North,60,CO2,N4
N4-CO2-4-soil-15,2641.31,209.8,-28.31,1.03,N4-CO2,North,15,CO2,N4
N4-CO2-4-soil-30,201.43,11.77,-24.61,1.26,N4-CO2,North,30,CO2,N4
N4-CO2-4-soil-60,70.37,3.32,-20.41,3.89,N4-CO2,North,60,CO2,N4
N4-CO2-5-soil-15,2748.36,174.88,-27.44,1.39,N4-CO2,North,15,CO2,N4
N4-CO2-5-soil-30,659.08,46.62,-27.23,1.95,N4-CO2,North,30,CO2,N4
N4-CO2-5-soil-60,307.56,27.18,-27.29,3.69,N4-CO2,North,60,CO2,N4
N4-CO2-6-soil-15,4008.46,249.75,-29.27,1.87,N4-CO2,North,15,CO2,N4
N4-CO2-6-soil-30,815.86,60.58,-26.15,4.96,N4-CO2,North,30,CO2,N4
N4-CO2-7-soil-15,3854.09,256.46,-29.17,1.52,N4-CO2,North,15,CO2,N4
N4-CO2-7-soil-30,1031.32,73.1,-20.97,4.26,N4-CO2,North,30,CO2,N4
N4-CO2-8-soil-15,1825.75,71.81,-11.9,2.03,N4-CO2,North,15,CO2,N4
N4-CO2-8-soil-30,361.44,14.01,-6.8,3.87,N4-CO2,North,30,CO2,N4
N4-CO2-8-soil-30-D,817.15,32.33,-8.46,4.93,N4-CO2,North,-D,CO2,N4
N4-CO2-8-soil-60,3042.59,244.82,-27.76,1.15,N4-CO2,North,60,CO2,N4
N4-CO2-9-soil-15,1997.15,100.93,-17.51,2.07,N4-CO2,North,15,CO2,N4
N4-CO2-9-soil-30,1479.11,47.71,-7.66,1.21,N4-CO2,North,30,CO2,N4
N4-CO2-9-soil-60,520.72,10.26,-0.28,4.22,N4-CO2,North,60,CO2,N4
N4-CON-10-soil-15,1231.39,45.67,-15.71,1.04,N4-CON,North,15,CON,N4
N4-CON-10-soil-30,1033.44,49.03,-17.54,1.79,N4-CON,North,30,CON,N4
N4-CON-10-soil-60,900.88,40.22,-21.03,1.16,N4-CON,North,60,CON,N4
N4-CON-1-soil-15,2215.83,167.85,-29.5,3.23,N4-CON,North,15,CON,N4
N4-CON-1-soil-30,522.17,52.62,-27.86,5.72,N4-CON,North,30,CON,N4
N4-CON-1-soil-60,210.76,23.02,-24.39,6.45,N4-CON,North,60,CON,N4
N4-CON-2-soil-15,2155.8,150.03,-30.22,2.4,N4-CON,North,15,CON,N4
N4-CON-2-soil-30,644.24,55.07,-29.41,3.72,N4-CON,North,30,CON,N4
N4-CON-2-soil-60,77.84,10.17,-27.82,4.16,N4-CON,North,60,CON,N4
N4-CON-3-soil-15,1510.29,68.8,-18.05,2.51,N4-CON,North,15,CON,N4
N4-CON-3-soil-30,1914.4,129.23,-27.43,3.09,N4-CON,North,30,CON,N4
N4-CON-3-soil-60,815.1,53.98,-27.86,2.05,N4-CON,North,60,CON,N4
N4-CON-4-soil-15,1710.74,100.73,-24.47,2.1,N4-CON,North,15,CON,N4
N4-CON-4-soil-30,810.8,73.41,-26.13,3.61,N4-CON,North,30,CON,N4
N4-CON-4-soil-60,1058.05,56.7,-25.96,1.04,N4-CON,North,60,CON,N4
N4-CON-5-soil-15,1448.95,75.16,-23.36,1.99,N4-CON,North,15,CON,N4
N4-CON-6-soil-15,1313.28,115.56,-28.51,4.27,N4-CON,North,15,CON,N4
N4-CON-6-soil-30,558.85,57,-26.11,6.34,N4-CON,North,30,CON,N4
N4-CON-6-soil-60,178.52,20.27,-26.82,7.24,N4-CON,North,60,CON,N4
N4-CON-7-soil-15,1681.5,154.83,-29.1,3.84,N4-CON,North,15,CON,N4
N4-CON-7-soil-30,653.37,71.98,-27.98,5.61,N4-CON,North,30,CON,N4
N4-CON-7-soil-60,332.15,39.16,-26.43,7.27,N4-CON,North,60,CON,N4
N4-CON-8-soil-15,1304.75,112.44,-29.63,3.35,N4-CON,North,15,CON,N4
N4-CON-8-soil-30,434.48,44.17,-22.82,7.1,N4-CON,North,30,CON,N4
N4-CON-8-soil-60,138.49,16.46,-27.26,6.41,N4-CON,North,60,CON,N4
N4-CON-9-soil-15,1855.5,122.41,-27.87,2.46,N4-CON,North,15,CON,N4
N4-CON-9-soil-30,913.01,69.55,-27.84,3.08,N4-CON,North,30,CON,N4
N4-CON-9-soil-60,520,40.1,-27.55,3.92,N4-CON,North,60,CON,N4
N7-CO2-10-soil-15,1379.49,107.05,-28.74,2.16,N7-CO2,North,15,CO2,N7
N7-CO2-10-soil-30,746.25,66.46,-27.84,3.81,N7-CO2,North,30,CO2,N7
N7-CO2-1-soil-15,700.94,58.99,-29.02,2.52,N7-CO2,North,15,CO2,N7
N7-CO2-1-soil-30,740.39,71.35,-27.82,3.97,N7-CO2,North,30,CO2,N7
N7-CO2-1-soil-60,532.2,51.75,-27.21,5,N7-CO2,North,60,CO2,N7
N7-CO2-2-soil-15,1066.33,93.69,-28.29,3.05,N7-CO2,North,15,CO2,N7
N7-CO2-2-soil-30,695.78,66.95,-27.49,4.28,N7-CO2,North,30,CO2,N7
N7-CO2-2-soil-60,370.47,33.86,-26.91,4.39,N7-CO2,North,60,CO2,N7
N7-CO2-3-soil-15,946.09,83.26,-28.83,3.2,N7-CO2,North,15,CO2,N7
N7-CO2-3-soil-30,563.9,55.58,-27.23,4.85,N7-CO2,North,30,CO2,N7
N7-CO2-4-soil-15,837.56,74.8,-28.56,3.27,N7-CO2,North,15,CO2,N7
N7-CO2-4-soil-30,490.38,46.74,-27.16,4.72,N7-CO2,North,30,CO2,N7
N7-CO2-4-soil-60,254.82,22.82,-26.58,5.13,N7-CO2,North,60,CO2,N7
N7-CO2-5-soil-15,1130.14,96.57,-28.86,3.09,N7-CO2,North,15,CO2,N7
N7-CO2-5-soil-30,628.15,59.55,-27.21,5.5,N7-CO2,North,30,CO2,N7
N7-CO2-5-soil-60,347.17,32.71,-26.59,5.5,N7-CO2,North,60,CO2,N7
N7-CO2-6-soil-15,1028.52,75.41,-29.28,2.76,N7-CO2,North,15,CO2,N7
N7-CO2-6-soil-30,656.32,56.08,-27.31,5.3,N7-CO2,North,30,CO2,N7
N7-CO2-6-soil-60,284.39,26.22,-26.28,5.11,N7-CO2,North,60,CO2,N7
N7-CO2-7-soil-15,979.84,81.27,-28.72,2.84,N7-CO2,North,15,CO2,N7
N7-CO2-7-soil-30,671.63,65.13,-27.24,4.94,N7-CO2,North,30,CO2,N7
N7-CO2-7-soil-60,388.91,36.57,-26.52,4.97,N7-CO2,North,60,CO2,N7
N7-CO2-8-soil-15,1033.47,82.59,-28.31,2.89,N7-CO2,North,15,CO2,N7
N7-CO2-8-soil-30,766.97,66.53,-27.61,4.13,N7-CO2,North,30,CO2,N7
N7-CO2-8-soil-60,426.59,40.87,-26.74,4.74,N7-CO2,North,60,CO2,N7
N7-CO2-9-soil-15,845.5,74.75,-28.39,2.93,N7-CO2,North,15,CO2,N7
N7-CO2-9-soil-30,728.88,68.59,-27.55,4.34,N7-CO2,North,30,CO2,N7
N7-CO2-9-soil-60,909.76,81.58,-27.38,5.17,N7-CO2,North,60,CO2,N7
N7-CO2-9-soil-60-D,867.31,88.45,-27.28,5.64,N7-CO2,North,-D,CO2,N7
N7-CON-10-soil-15,1133.4,100.22,-28.66,2.92,N7-CON,North,15,CON,N7
N7-CON-10-soil-30,639.92,62.47,-27.11,4.73,N7-CON,North,30,CON,N7
N7-CON-10-soil-60,512.96,46.96,-27.04,4.98,N7-CON,North,60,CON,N7
N7-CON-1-soil-15,997.5,95.47,-28.29,3.52,N7-CON,North,15,CON,N7
N7-CON-1-soil-30,609.35,59.15,-27.4,4.47,N7-CON,North,30,CON,N7
N7-CON-1-soil-60,351.99,33.85,-26.72,4.69,N7-CON,North,60,CON,N7
N7-CON-2-soil-15,694.21,63.84,-28.28,3.5,N7-CON,North,15,CON,N7
N7-CON-2-soil-30,562.44,57.62,-27.2,5.15,N7-CON,North,30,CON,N7
N7-CON-2-soil-60,342.51,32.8,-26.48,5.36,N7-CON,North,60,CON,N7
N7-CON-3-soil-15,1431.25,142.58,-29.26,4.26,N7-CON,North,15,CON,N7
N7-CON-3-soil-15-D,1374.14,113.21,-29.19,2.91,N7-CON,North,-D,CON,N7
N7-CON-3-soil-30,684.16,71.41,-26.84,5.96,N7-CON,North,30,CON,N7
N7-CON-3-soil-30-D,717.77,67.2,-27.61,4.27,N7-CON,North,-D,CON,N7
N7-CON-3-soil-60,363.16,38.01,-25.52,6.13,N7-CON,North,60,CON,N7
N7-CON-3-soil-60-D,219.39,21.03,-26.33,4.77,N7-CON,North,-D,CON,N7
N7-CON-4-soil-15,981.76,86.1,-28.96,3.04,N7-CON,North,15,CON,N7
N7-CON-4-soil-30,591.35,57.23,-27.29,4.96,N7-CON,North,30,CON,N7
N7-CON-4-soil-60,309.44,27.99,-26.94,4.77,N7-CON,North,60,CON,N7
N7-CON-5-soil-15,1096.49,88.35,-28.76,2.89,N7-CON,North,15,CON,N7
N7-CON-5-soil-30,493.25,49.16,-27.23,4.55,N7-CON,North,30,CON,N7
N7-CON-5-soil-60,329.48,29.91,-26.86,4.53,N7-CON,North,60,CON,N7
N7-CON-6-soil-15,832.74,74.88,-28.24,3.57,N7-CON,North,15,CON,N7
N7-CON-6-soil-30,513.19,53.09,-26.42,5.47,N7-CON,North,30,CON,N7
N7-CON-6-soil-60,292.43,27.7,-26.78,4.98,N7-CON,North,60,CON,N7
N7-CON-7-soil-15,1242.74,104.11,-28.68,3.17,N7-CON,North,15,CON,N7
N7-CON-7-soil-30,545.89,53.95,-26.98,5.19,N7-CON,North,30,CON,N7
N7-CON-7-soil-60,326.48,30.86,-26.72,4.9,N7-CON,North,60,CON,N7
N7-CON-8-soil-15,1047.99,86.09,-28.8,3.31,N7-CON,North,15,CON,N7
N7-CON-8-soil-30,657.46,65.67,-27,4.95,N7-CON,North,30,CON,N7
N7-CON-8-soil-60,286.76,28.37,-26.42,5.35,N7-CON,North,60,CON,N7
N7-CON-9-soil-15,1236.78,105.76,-28.15,2.81,N7-CON,North,15,CON,N7
N7-CON-9-soil-30,541.42,53.95,-26.89,4.63,N7-CON,North,30,CON,N7
S1-CO2-10-soil-15,2562.8,125.96,-28.97,0.23,S1-CO2,South,15,CO2,S1
S1-CO2-10-soil-30,2807.96,104.13,-29.11,0.55,S1-CO2,South,30,CO2,S1
S1-CO2-1-soil-15,773.08,55.02,-26.6,3.72,S1-CO2,South,15,CO2,S1
S1-CO2-1-soil-30,496.24,34.88,-25.8,4.62,S1-CO2,South,30,CO2,S1
S1-CO2-1-soil-60,326.14,20.56,-25.13,5.71,S1-CO2,South,60,CO2,S1
S1-CO2-2-soil-15,390.43,29.22,-24.84,3.94,S1-CO2,South,15,CO2,S1
S1-CO2-2-soil-30,312.3,24.98,-24.34,5.4,S1-CO2,South,30,CO2,S1
S1-CO2-2-soil-90,656.17,45.32,-21.68,6.02,S1-CO2,South,90,CO2,S1
S1-CO2-2-soil-90-D,285.77,18.86,-20.07,6.31,S1-CO2,South,-D,CO2,S1
S1-CO2-3-soil-15,1156.04,83.1,-25.63,3.63,S1-CO2,South,15,CO2,S1
S1-CO2-3-soil-30,790.25,58.77,-23.96,4.72,S1-CO2,South,30,CO2,S1
S1-CO2-3-soil-60,204.28,17.02,-24.05,5.54,S1-CO2,South,60,CO2,S1
S1-CO2-3-soil-60-D,664.83,47.07,-23.01,5.13,S1-CO2,South,-D,CO2,S1
S1-CO2-4-soil-15,1085.07,80.54,-24.55,4.09,S1-CO2,South,15,CO2,S1
S1-CO2-4-soil-15-D,1328.22,101.09,-24.52,3.87,S1-CO2,South,-D,CO2,S1
S1-CO2-4-soil-60,834.08,58.56,-22.11,6.14,S1-CO2,South,60,CO2,S1
S1-CO2-5-soil-15,1133.13,84.47,-25.67,3.76,S1-CO2,South,15,CO2,S1
S1-CO2-6-soil-120,503.02,35.45,-21.81,6.19,S1-CO2,South,20,CO2,S1
S1-CO2-6-soil-15,954.22,71.68,-26.24,3.88,S1-CO2,South,15,CO2,S1
S1-CO2-6-soil-30,783.72,59.7,-25.23,4.47,S1-CO2,South,30,CO2,S1
S1-CO2-6-soil-60,651.35,50.36,-22.4,5.56,S1-CO2,South,60,CO2,S1
S1-CO2-6-soil-90,465.6,31.93,-21.17,6.32,S1-CO2,South,90,CO2,S1
S1-CO2-7-soil-15,873.39,65.12,-26.71,4.55,S1-CO2,South,15,CO2,S1
S1-CO2-7-soil-30,689.75,52.72,-25.89,5.49,S1-CO2,South,30,CO2,S1
S1-CO2-7-soil-60,583.04,44.46,-23.38,6.26,S1-CO2,South,60,CO2,S1
S1-CO2-8-soil-15,626.57,49.88,-26.67,3.76,S1-CO2,South,15,CO2,S1
S1-CO2-8-soil-30,302.95,24.74,-24.37,4.65,S1-CO2,South,30,CO2,S1
S1-CO2-8-soil-60,349.15,27.24,-23.82,5.41,S1-CO2,South,60,CO2,S1
S1-CO2-9-soil-15,3623.59,168.42,-28.96,0.88,S1-CO2,South,15,CO2,S1
S1-CO2-9-soil-30,2476.92,98.55,-28.66,0.52,S1-CO2,South,30,CO2,S1
S1-CO2-9-soil-60,700.94,69.72,-28.75,3.84,S1-CO2,South,60,CO2,S1
S1-CON-10-soil-15,573.57,34.71,-22.73,5.39,S1-CON,South,15,CON,S1
S1-CON-10-soil-30,205.91,13.32,-17.84,8.48,S1-CON,South,30,CON,S1
S1-CON-10-soil-60,149.96,10.38,-17.6,9.02,S1-CON,South,60,CON,S1
S1-CON-1-soil-15,730.12,42.72,-25.15,4.28,S1-CON,South,15,CON,S1
S1-CON-1-soil-30,422.71,29.05,-21.23,7.17,S1-CON,South,30,CON,S1
S1-CON-2-soil-15,611.24,43.94,-24.29,5.43,S1-CON,South,15,CON,S1
S1-CON-2-soil-15-D,718.84,47.03,-23.36,4.07,S1-CON,South,-D,CON,S1
S1-CON-2-soil-30,421.63,29.41,-18.96,5.18,S1-CON,South,30,CON,S1
S1-CON-2-soil-60,352.94,22.58,-18.8,6.9,S1-CON,South,60,CON,S1
S1-CON-3-soil-15,547.4,37.76,-23.46,5.19,S1-CON,South,15,CON,S1
S1-CON-3-soil-15-D,203.87,13.77,-19.4,7.44,S1-CON,South,-D,CON,S1
S1-CON-3-soil-30,259,16.32,-21.28,7.79,S1-CON,South,30,CON,S1
S1-CON-3-soil-60,222.54,12.31,-21.5,7.94,S1-CON,South,60,CON,S1
S1-CON-4-soil-15,459.41,43.23,-25.72,5.64,S1-CON,South,15,CON,S1
S1-CON-4-soil-30,254.54,16.23,-19.28,9.32,S1-CON,South,30,CON,S1
S1-CON-4-soil-60,154.11,11.09,-20.96,9.04,S1-CON,South,60,CON,S1
S1-CON-5-soil-15,370.3,22.45,-22,7.1,S1-CON,South,15,CON,S1
S1-CON-5-soil-30,197.2,12.93,-20.81,10.27,S1-CON,South,30,CON,S1
S1-CON-6-soil-15,465.2,31.44,-21.4,6.3,S1-CON,South,15,CON,S1
S1-CON-6-soil-30,223.68,14.89,-21.36,8.9,S1-CON,South,30,CON,S1
S1-CON-6-soil-60,164.54,11.81,-21.12,8.21,S1-CON,South,60,CON,S1
S1-CON-7-soil-15,473.38,29.53,-19.08,5.53,S1-CON,South,15,CON,S1
S1-CON-7-soil-30,237.98,16.87,-19.81,8.28,S1-CON,South,30,CON,S1
S1-CON-8-soil-15,440.26,29.68,-21.54,5.52,S1-CON,South,15,CON,S1
S1-CON-8-soil-30,194.31,13.29,-19.3,9.57,S1-CON,South,30,CON,S1
S1-CON-8-soil-60,130.61,9.4,-19.82,8.21,S1-CON,South,60,CON,S1
S1-CON-9-soil-15,588.82,40.57,-21.9,4.02,S1-CON,South,15,CON,S1
S1-CON-9-soil-30,323.82,21.75,-19.34,6.55,S1-CON,South,30,CON,S1
S1-CON-9-soil-60,195.58,12.12,-21.97,8.07,S1-CON,South,60,CON,S1
S3-CO2-10-soil-15,1296,102.91,-26.71,3.17,S3-CO2,South,15,CO2,S3
S3-CO2-10-soil-30,641.47,50.96,-22.54,4,S3-CO2,South,30,CO2,S3
S3-CO2-10-soil-60,342.1,26.91,-23.33,4.14,S3-CO2,South,60,CO2,S3
S3-CO2-1-soil-15,885.61,48.39,-27.48,0.68,S3-CO2,South,15,CO2,S3
S3-CO2-1-soil-30,415.29,24.99,-26.21,0.25,S3-CO2,South,30,CO2,S3
S3-CO2-1-soil-60,190.89,11.43,-26.09,0.68,S3-CO2,South,60,CO2,S3
S3-CO2-2-soil-15,988.98,83.89,-26.51,3.26,S3-CO2,South,15,CO2,S3
S3-CO2-2-soil-30,771.97,63.88,-26.15,3.18,S3-CO2,South,30,CO2,S3
S3-CO2-2-soil-60,788.67,65.93,-26.83,2.99,S3-CO2,South,60,CO2,S3
S3-CO2-3-soil-15,1334.38,90.77,-26.49,2.77,S3-CO2,South,15,CO2,S3
S3-CO2-3-soil-30,564.13,47.3,-26.37,3.97,S3-CO2,South,30,CO2,S3
S3-CO2-3-soil-30-D,732.2,54.09,-21.97,5.13,S3-CO2,South,-D,CO2,S3
S3-CO2-3-soil-60,312.3,25.1,-23.93,4.79,S3-CO2,South,60,CO2,S3
S3-CO2-3-soil-60-D,1080.67,92.37,-26.16,4.11,S3-CO2,South,-D,CO2,S3
S3-CO2-4-soil-15,800.61,69.2,-25.43,4.29,S3-CO2,South,15,CO2,S3
S3-CO2-4-soil-30,531.95,44.36,-23.82,5.36,S3-CO2,South,30,CO2,S3
S3-CO2-4-soil-60,492.34,39.47,-24.52,5,S3-CO2,South,60,CO2,S3
S3-CO2-5-soil-15,880.95,75,-26.03,3.39,S3-CO2,South,15,CO2,S3
S3-CO2-5-soil-30,638.28,52.25,-25.27,3.82,S3-CO2,South,30,CO2,S3
S3-CO2-6-soil-15,1318.64,113.65,-27.22,3.04,S3-CO2,South,15,CO2,S3
S3-CO2-6-soil-30,943.8,75.25,-26.42,3.36,S3-CO2,South,30,CO2,S3
S3-CO2-6-soil-60,233.26,16.33,-23.99,3.79,S3-CO2,South,60,CO2,S3
S3-CO2-7-soil-15,586.85,51.26,-26.09,4.48,S3-CO2,South,15,CO2,S3
S3-CO2-7-soil-30,449.85,38.63,-24.81,4.79,S3-CO2,South,30,CO2,S3
S3-CO2-8-soil-60,279.09,20.93,-25.01,4.18,S3-CO2,South,60,CO2,S3
S3-CO2-9-soil-15,1402.61,117.88,-27.29,2.96,S3-CO2,South,15,CO2,S3
S3-CO2-9-soil-30,522.49,34.66,-19.7,5.02,S3-CO2,South,30,CO2,S3
S3-CO2-9-soil-30-D,530.96,48.65,-25.25,4.22,S3-CO2,South,-D,CO2,S3
S3-CO2-9-soil-60,465.17,38.88,-22.61,4.73,S3-CO2,South,60,CO2,S3
S3-CON-10-soil-15,1708.09,131.95,-26.72,3.15,S3-CON,South,15,CON,S3
S3-CON-10-soil-30,1143.9,96.24,-23.56,5.56,S3-CON,South,30,CON,S3
S3-CON-10-soil-60,783,60.04,-20.96,6.33,S3-CON,South,60,CON,S3
S3-CON-1-soil-60,916.74,62.83,-17.29,7.32,S3-CON,South,60,CON,S3
S3-CON-2-soil-15,2112.86,163.12,-27,2.82,S3-CON,South,15,CON,S3
S3-CON-2-soil-15-D,1061.1,91.67,-25.3,4.19,S3-CON,South,-D,CON,S3
S3-CON-2-soil-30,1125,92.46,-23.6,5.56,S3-CON,South,30,CON,S3
S3-CON-2-soil-60,979.69,78.68,-21.72,6.06,S3-CON,South,60,CON,S3
S3-CON-3-soil-15,961.79,87.9,-25.93,4.1,S3-CON,South,15,CON,S3
S3-CON-3-soil-30,812.71,71.83,-23.5,4.94,S3-CON,South,30,CON,S3
S3-CON-3-soil-30-D,825.77,76.02,-23.56,5.69,S3-CON,South,-D,CON,S3
S3-CON-3-soil-60,483.85,40.1,-20.15,7.14,S3-CON,South,60,CON,S3
S3-CON-4-soil-15,1062.1,94.24,-26.38,4.04,S3-CON,South,15,CON,S3
S3-CON-4-soil-30,791.51,71.97,-23.96,5.61,S3-CON,South,30,CON,S3
S3-CON-4-soil-60,386.25,31.49,-20.93,7.61,S3-CON,South,60,CON,S3
S3-CON-5-soil-30,994.84,86.08,-25.39,4.72,S3-CON,South,30,CON,S3
S3-CON-5-soil-60,622.54,51.48,-22.29,6.87,S3-CON,South,60,CON,S3
S3-CON-6-soil-15,1132.48,80.35,-26.74,3.67,S3-CON,South,15,CON,S3
S3-CON-6-soil-30,707.14,57.88,-24.73,5,S3-CON,South,30,CON,S3
S3-CON-7-soil-15,1245.62,104.09,-25.86,3.76,S3-CON,South,15,CON,S3
S3-CON-7-soil-30,1067.27,84.79,-25.31,4.03,S3-CON,South,30,CON,S3
S3-CON-7-soil-60,820.77,66.73,-24.25,4.63,S3-CON,South,60,CON,S3
S3-CON-8-soil-15,1195.46,96.96,-25.72,4.03,S3-CON,South,15,CON,S3
S3-CON-8-soil-30,631.42,48.26,-22.32,6.22,S3-CON,South,30,CON,S3
S3-CON-9-soil-15,1269.52,103.03,-25.92,3.56,S3-CON,South,15,CON,S3
S3-CON-9-soil-30,830.04,68.45,-23.32,5.23,S3-CON,South,30,CON,S3
S3-CON-9-soil-60,586.6,41.57,-22.53,6.08,S3-CON,South,60,CON,S3
S4-CO2-10-soil-30,442.48,32.38,-23.65,6.78,S4-CO2,South,30,CO2,S4
S4-CO2-10-soil-60,1027.26,53.65,-19.79,5.74,S4-CO2,South,60,CO2,S4
S4-CO2-10-soil-90,281.08,19.73,-20.85,5.36,S4-CO2,South,90,CO2,S4
S4-CO2-1-soil-15,1012.42,72.03,-28.47,4.68,S4-CO2,South,15,CO2,S4
S4-CO2-1-soil-30,334.98,26.62,-24.92,6.76,S4-CO2,South,30,CO2,S4
S4-CO2-1-soil-90,228.83,14.13,-21.66,5.84,S4-CO2,South,90,CO2,S4
S4-CO2-2-soil-15,882.01,73.11,-27.52,4.99,S4-CO2,South,15,CO2,S4
S4-CO2-2-soil-30,380.3,29.62,-24.25,6.77,S4-CO2,South,30,CO2,S4
S4-CO2-2-soil-60,394.52,27.39,-23.23,6.71,S4-CO2,South,60,CO2,S4
S4-CO2-2-soil-90,230.47,15.83,-22.59,5.71,S4-CO2,South,90,CO2,S4
S4-CO2-3-soil-15,898.67,73.67,-27.73,4.94,S4-CO2,South,15,CO2,S4
S4-CO2-3-soil-30,540.84,45.67,-25.33,6.69,S4-CO2,South,30,CO2,S4
S4-CO2-3-soil-60,400.1,28.6,-22.35,6.61,S4-CO2,South,60,CO2,S4
S4-CO2-4-soil-15,1136.05,80.07,-28.17,4.62,S4-CO2,South,15,CO2,S4
S4-CO2-4-soil-30,600.1,42.04,-26.82,5.75,S4-CO2,South,30,CO2,S4
S4-CO2-4-soil-60,263.76,16.91,-21.19,6.17,S4-CO2,South,60,CO2,S4
S4-CO2-4-soil-90,868.13,58.42,-23.82,5.1,S4-CO2,South,90,CO2,S4
S4-CO2-4-soil-90-D,241.88,14.37,-19.75,6.04,S4-CO2,South,-D,CO2,S4
S4-CO2-5-soil-15,700.94,47.3,-28.07,4.82,S4-CO2,South,15,CO2,S4
S4-CO2-5-soil-30,383.13,30.63,-25.12,6.15,S4-CO2,South,30,CO2,S4
S4-CO2-5-soil-60,261.06,17.31,-20.77,6.6,S4-CO2,South,60,CO2,S4
S4-CO2-6-soil-15,1574.8,86.7,-28.7,4.28,S4-CO2,South,15,CO2,S4
S4-CO2-6-soil-30,546.73,37.69,-25.9,6.67,S4-CO2,South,30,CO2,S4
S4-CO2-6-soil-60,323.05,21.41,-22.33,6.79,S4-CO2,South,60,CO2,S4
S4-CO2-7-soil-15,1439.39,90.05,-28.15,4.86,S4-CO2,South,15,CO2,S4
S4-CO2-7-soil-30,797.45,55.29,-26.37,5.77,S4-CO2,South,30,CO2,S4
S4-CO2-7-soil-60,306.2,18.59,-21.89,7.06,S4-CO2,South,60,CO2,S4
S4-CO2-7-soil-90,516.3,29.93,-22.19,6.66,S4-CO2,South,90,CO2,S4
S4-CO2-8-soil-15,1149.25,83.08,-28.26,4.98,S4-CO2,South,15,CO2,S4
S4-CO2-8-soil-15-D1,325.85,24.2,-22.12,5.64,S4-CO2,South,D1,CO2,S4
S4-CO2-8-soil-15-D2,1101.41,78.81,-27.62,5.21,S4-CO2,South,D2,CO2,S4
S4-CO2-8-soil-30,846.41,55.45,-23.84,6.49,S4-CO2,South,30,CO2,S4
S4-CO2-8-soil-60,543.92,33.46,-20.44,6.79,S4-CO2,South,60,CO2,S4
S4-CO2-8-soil-90,207.99,13.86,-19.72,7.29,S4-CO2,South,90,CO2,S4
S4-CO2-9-soil-15,962.93,70.23,-27.66,5.49,S4-CO2,South,15,CO2,S4
S4-CO2-9-soil-30,2026.88,141.45,-29.62,1.91,S4-CO2,South,30,CO2,S4
S4-CO2-9-soil-60,222.22,16.29,-21.65,6.33,S4-CO2,South,60,CO2,S4
S4-CO2-9-soil-90,481.97,30.01,-22.35,6.38,S4-CO2,South,90,CO2,S4
S4-CON-10-soil-30,776.31,52.89,-23.73,5.17,S4-CON,South,30,CON,S4
S4-CON-10-soil-60,819.35,49.59,-19.65,5.98,S4-CON,South,60,CON,S4
S4-CON-1-soil-15,1233.84,83.67,-26.16,4.14,S4-CON,South,15,CON,S4
S4-CON-1-soil-15-D,1391.05,90.37,-27.83,3.65,S4-CON,South,-D,CON,S4
S4-CON-1-soil-30,801.38,44.7,-22.95,4.81,S4-CON,South,30,CON,S4
S4-CON-1-soil-60,1368.69,70.85,-9.8,4.23,S4-CON,South,60,CON,S4
S4-CON-2-soil,557.04,21.4,-22.46,4.2,S4-CON,South,il,CON,S4
S4-CON-2-soil-15,1292.33,85.53,-25.82,4.27,S4-CON,South,15,CON,S4
S4-CON-2-soil-30,696.63,37.56,-21.34,5.66,S4-CON,South,30,CON,S4
S4-CON-3-soil-15,1260.42,82.86,-26.19,3.97,S4-CON,South,15,CON,S4
S4-CON-3-soil-30,226.17,11.26,-23.68,3.56,S4-CON,South,30,CON,S4
S4-CON-3-soil-60,371.35,18.99,-23.03,4.23,S4-CON,South,60,CON,S4
S4-CON-3-soil-90,349.15,17.13,-21.78,3.94,S4-CON,South,90,CON,S4
S4-CON-4-soil-15,915.31,83.84,-25.84,5.27,S4-CON,South,15,CON,S4
S4-CON-4-soil-30,388.79,18.21,-23.02,3.62,S4-CON,South,30,CON,S4
S4-CON-4-soil-60,154.88,8.74,-21.98,2.79,S4-CON,South,60,CON,S4
S4-CON-5-soil-15,1068.32,67.94,-25.17,3.71,S4-CON,South,15,CON,S4
S4-CON-5-soil-30,332.15,16.34,-23.1,3.5,S4-CON,South,30,CON,S4
S4-CON-5-soil-60,314.76,14.47,-22.41,3.42,S4-CON,South,60,CON,S4
S4-CON-6-soil-30,1059.07,71.41,-27.31,3.61,S4-CON,South,30,CON,S4
S4-CON-6-soil-30-D,800.53,42.94,-20.67,4.55,S4-CON,South,-D,CON,S4
S4-CON-6-soil-60,241.39,15.24,-21.08,4.29,S4-CON,South,60,CON,S4
S4-CON-7-soil-15,1049.33,70.83,-26.39,4.34,S4-CON,South,15,CON,S4
S4-CON-7-soil-30,837.3,52.46,-21.76,5.56,S4-CON,South,30,CON,S4
S4-CON-7-soil-60,868.13,45.94,-19.67,5.97,S4-CON,South,60,CON,S4
S4-CON-8-soil-15,1178.08,77.9,-26.11,4.23,S4-CON,South,15,CON,S4
S4-CON-8-soil-30,873.68,54.53,-23.68,5.43,S4-CON,South,30,CON,S4
S4-CON-8-soil-60,301.1,19.08,-19.81,5.97,S4-CON,South,60,CON,S4
S4-CON-9-soil-15,1138.9,77.06,-26.33,4.09,S4-CON,South,15,CON,S4
S4-CON-9-soil-60,1088.32,53.36,-17.85,6.41,S4-CON,South,60,CON,S4
S5-CO2-10-soil-15,780.21,51.82,-22.42,4.09,S5-CO2,South,15,CO2,S5
S5-CO2-10-soil-30,585.96,37.7,-18.74,6.4,S5-CO2,South,30,CO2,S5
S5-CO2-10-soil-40,610.29,41.85,-21.9,4.6,S5-CO2,South,40,CO2,S5
S5-CO2-1-soil-15,816.51,55.14,-21.54,2.28,S5-CO2,South,15,CO2,S5
S5-CO2-1-soil-30,604.26,37.2,-22.56,2.32,S5-CO2,South,30,CO2,S5
S5-CO2-2-soil-15,610.33,41.83,-21.82,3.88,S5-CO2,South,15,CO2,S5
S5-CO2-2-soil-30,625.9,36.12,-17.64,6.04,S5-CO2,South,30,CO2,S5
S5-CO2-2-soil-60,477.76,28.85,-19.48,4.37,S5-CO2,South,60,CO2,S5
S5-CO2-2-soil-90,143.83,8.37,-19.36,3.18,S5-CO2,South,90,CO2,S5
S5-CO2-3-soil-120,377.62,23.02,-20.27,4.58,S5-CO2,South,20,CO2,S5
S5-CO2-3-soil-15,738.93,54.07,-22.79,3.78,S5-CO2,South,15,CO2,S5
S5-CO2-3-soil-30,499.94,33.74,-20.76,4.84,S5-CO2,South,30,CO2,S5
S5-CO2-3-soil-60,470.69,46.62,-25.44,6.35,S5-CO2,South,60,CO2,S5
S5-CO2-3-soil-60-D,220.66,14.77,-20.99,4.29,S5-CO2,South,-D,CO2,S5
S5-CO2-3-soil-90,352.77,23.42,-22.43,4.32,S5-CO2,South,90,CO2,S5
S5-CO2-4-soil-15,674.19,46.19,-22.16,4.3,S5-CO2,South,15,CO2,S5
S5-CO2-4-soil-30,605.32,34.33,-16.52,6.89,S5-CO2,South,30,CO2,S5
S5-CO2-4-soil-60,625.61,35.62,-16.91,6.16,S5-CO2,South,60,CO2,S5
S5-CO2-5-soil-15,829.08,65.72,-22.95,3.27,S5-CO2,South,15,CO2,S5
S5-CO2-5-soil-30,770.65,59.65,-21.71,3.8,S5-CO2,South,30,CO2,S5
S5-CO2-5-soil-90,890.43,68.7,-23.34,2.99,S5-CO2,South,90,CO2,S5
S5-CO2-6-soil-15,752.91,49.56,-20.38,4.11,S5-CO2,South,15,CO2,S5
S5-CO2-6-soil-60,466.85,20.97,-14.98,6.07,S5-CO2,South,60,CO2,S5
S5-CO2-7-soil-15,947.34,63.43,-21.26,2.09,S5-CO2,South,15,CO2,S5
S5-CO2-7-soil-30,628.97,40.84,-21.89,1.87,S5-CO2,South,30,CO2,S5
S5-CO2-7-soil-30-D,490.05,28.97,-16.24,5.38,S5-CO2,South,-D,CO2,S5
S5-CO2-7-soil-60,823,55.2,-22.69,1.8,S5-CO2,South,60,CO2,S5
S5-CO2-8-soil-15,617.71,41.65,-19.49,3.93,S5-CO2,South,15,CO2,S5
S5-CO2-8-soil-30,467.66,26.51,-20.17,4.29,S5-CO2,South,30,CO2,S5
S5-CO2-8-soil-60,409.09,24.67,-21.24,3.49,S5-CO2,South,60,CO2,S5
S5-CO2-9-soil-15,926.26,66.55,-22.87,3.61,S5-CO2,South,15,CO2,S5
S5-CO2-9-soil-40,632.05,43.08,-20.81,4.42,S5-CO2,South,40,CO2,S5
S5-CON-10-soil-15,895.69,64.95,-25.18,4.12,S5-CON,South,15,CON,S5
S5-CON-10-soil-60,718.27,51.72,-24.19,5.2,S5-CON,South,60,CON,S5
S5-CON-1-soil-15,714.24,54.95,-23.88,4.31,S5-CON,South,15,CON,S5
S5-CON-1-soil-30,734.69,54.19,-23.11,4.72,S5-CON,South,30,CON,S5
S5-CON-1-soil-60,548.72,37.69,-20.33,5.43,S5-CON,South,60,CON,S5
S5-CON-2-soil-15,1028.09,74.55,-23.92,3.64,S5-CON,South,15,CON,S5
S5-CON-2-soil-15-D,924.75,64.72,-22.73,4.17,S5-CON,South,-D,CON,S5
S5-CON-2-soil-30,727.37,50.08,-21.39,5.16,S5-CON,South,30,CON,S5
S5-CON-2-soil-60,594.16,41.51,-23.87,3.61,S5-CON,South,60,CON,S5
S5-CON-3-soil-15,801.16,58.03,-21.61,4.42,S5-CON,South,15,CON,S5
S5-CON-3-soil-30,487.24,34.32,-19.6,5.62,S5-CON,South,30,CON,S5
S5-CON-3-soil-60,507.98,35.89,-21.11,5.16,S5-CON,South,60,CON,S5
S5-CON-4-soil-15,1041.39,75.76,-20.86,4.65,S5-CON,South,15,CON,S5
S5-CON-4-soil-30,781.85,55.16,-20.12,5.38,S5-CON,South,30,CON,S5
S5-CON-4-soil-60,640.61,43.78,-18.59,6.74,S5-CON,South,60,CON,S5
S5-CON-5-soil-15,926.39,68.59,-22.83,4.44,S5-CON,South,15,CON,S5
S5-CON-5-soil-30,834.78,60.68,-22.1,4.81,S5-CON,South,30,CON,S5
S5-CON-5-soil-60,987.72,71.64,-21.42,5.31,S5-CON,South,60,CON,S5
S5-CON-6-soil-15,1321.28,93.71,-20.53,5.09,S5-CON,South,15,CON,S5
S5-CON-6-soil-30,1135.74,75.35,-17.2,7.25,S5-CON,South,30,CON,S5
S5-CON-6-soil-60,951.16,61.06,-15.89,7.91,S5-CON,South,60,CON,S5
S5-CON-7-soil-30,840.44,62.51,-24.6,4.48,S5-CON,South,30,CON,S5
S5-CON-7-soil-30-D,714.76,46.18,-20.39,5.43,S5-CON,South,-D,CON,S5
S5-CON-7-soil-60,650.97,41.42,-19.47,5.92,S5-CON,South,60,CON,S5
S5-CON-8-soil-15,1045.38,72.88,-24.21,3.8,S5-CON,South,15,CON,S5
S5-CON-8-soil-30,1071.81,67.23,-20.94,5.44,S5-CON,South,30,CON,S5
S5-CON-8-Soil-60,521.6,30.93,-19.72,5.8,S5-CON,South,60,CON,S5
S5-CON-9-soil-15,783.67,59.23,-24.61,4.44,S5-CON,South,15,CON,S5
S5-CON-9-soil-60,527.75,39.01,-23.53,5.42,S5-CON,South,60,CON,S5
S5-CON-9-soil-60-D,352.25,24.46,-23.9,5.02,S5-CON,South,-D,CON,S5
S6-CO2-10-soil-15,903.2,90.89,-26.03,6.04,S6-CO2,South,15,CO2,S6
S6-CO2-10-soil-30,712.84,68.99,-25.36,6.21,S6-CO2,South,30,CO2,S6
S6-CO2-1-soil-15,879.88,77.89,-26.89,4.62,S6-CO2,South,15,CO2,S6
S6-CO2-1-soil-30,496.06,47.13,-25.09,6.15,S6-CO2,South,30,CO2,S6
S6-CO2-1-soil-60,406.09,37.73,-22.41,7.22,S6-CO2,South,60,CO2,S6
S6-CO2-2-soil-15,1115.18,94.98,-26.99,4.6,S6-CO2,South,15,CO2,S6
S6-CO2-2-soil-30,731.67,70.85,-25.55,5.79,S6-CO2,South,30,CO2,S6
S6-CO2-2-soil-60,410.3,37.79,-21.04,7.07,S6-CO2,South,60,CO2,S6
S6-CO2-3-soil-15,1051.31,101.9,-26.39,5.21,S6-CO2,South,15,CO2,S6
S6-CO2-3-soil-30,626.32,62.33,-23.75,6.29,S6-CO2,South,30,CO2,S6
S6-CO2-4-soil-15,1079.44,99.27,-25.92,5.05,S6-CO2,South,15,CO2,S6
S6-CO2-4-soil-30,611.32,60.68,-22.98,7,S6-CO2,South,30,CO2,S6
S6-CO2-4-soil-60,529.85,50.23,-21.68,7.02,S6-CO2,South,60,CO2,S6
S6-CO2-5-soil-15,1175.74,103.78,-25.94,5.21,S6-CO2,South,15,CO2,S6
S6-CO2-5-soil-30,727.34,65.91,-22.44,6.86,S6-CO2,South,30,CO2,S6
S6-CO2-5-soil-60,695.34,48.14,-18.78,5.56,S6-CO2,South,60,CO2,S6
S6-CO2-6-soil-15,1048.27,88.58,-25.97,4.89,S6-CO2,South,15,CO2,S6
S6-CO2-6-soil-30,793.03,68.59,-23.91,6.13,S6-CO2,South,30,CO2,S6
S6-CO2-6-soil-60,559.41,43.84,-20.23,6.49,S6-CO2,South,60,CO2,S6
S6-CO2-7-soil-15,1027.7,89.43,-25.44,5.16,S6-CO2,South,15,CO2,S6
S6-CO2-7-soil-30,829.21,71.41,-24.16,6,S6-CO2,South,30,CO2,S6
S6-CO2-8-soil-15,1070.1,83.28,-27.83,3.63,S6-CO2,South,15,CO2,S6
S6-CO2-8-soil-30,524.22,43.91,-24.74,5.28,S6-CO2,South,30,CO2,S6
S6-CO2-9-soil-15,628.15,52.1,-24.99,4.39,S6-CO2,South,15,CO2,S6
S6-CO2-9-soil-30,602.91,54.47,-24.88,5.47,S6-CO2,South,30,CO2,S6
S6-CON-10-soil-15,851.46,73.67,-25.21,5.11,S6-CON,South,15,CON,S6
S6-CON-10-soil-30,706.12,59.57,-22.03,5.72,S6-CON,South,30,CON,S6
S6-CON-1-soil-15,928.22,82.52,-25.34,5.21,S6-CON,South,15,CON,S6
S6-CON-1-soil-30,732.81,64.77,-23.17,5.73,S6-CON,South,30,CON,S6
S6-CON-2-soil-15,1050.84,83.86,-25.15,4.83,S6-CON,South,15,CON,S6
S6-CON-2-soil-30,873.08,73.05,-21.95,5.79,S6-CON,South,30,CON,S6
S6-CON-3-soil-15,796.24,65.96,-24.34,5.14,S6-CON,South,15,CON,S6
S6-CON-3-soil-30,689.75,56.62,-22.53,5.7,S6-CON,South,30,CON,S6
S6-CON-3-soil-60,627.1,49.46,-20.35,6.15,S6-CON,South,60,CON,S6
S6-CON-4-soil-15,1028,88.65,-25.93,4.69,S6-CON,South,15,CON,S6
S6-CON-4-soil-30,717.7,61.25,-23.65,5.84,S6-CON,South,30,CON,S6
S6-CON-5-soil-15,916.55,79.42,-25.75,4.93,S6-CON,South,15,CON,S6
S6-CON-5-soil-30,581.79,48.94,-23.68,5.84,S6-CON,South,30,CON,S6
S6-CON-6-soil-15,906.08,77.79,-25.76,5.02,S6-CON,South,15,CON,S6
S6-CON-6-soil-30,657.99,57.02,-23,6.12,S6-CON,South,30,CON,S6
S6-CON-7-soil-15,906.38,79.7,-24.89,5.1,S6-CON,South,15,CON,S6
S6-CON-7-soil-30,723.29,61.25,-24.15,5.54,S6-CON,South,30,CON,S6
S6-CON-8-soil-15,990.05,91.18,-25.89,5.2,S6-CON,South,15,CON,S6
S6-CON-8-soil-30,419.88,38.14,-24.28,5.79,S6-CON,South,30,CON,S6
S6-CON-9-soil-15,842.67,75.16,-25.2,5.33,S6-CON,South,15,CON,S6
S6-CON-9-soil-30,747.46,65.09,-23.36,5.88,S6-CON,South,30,CON,S6
